Position;PositionIdx;Indices;Frame;Idx;Time;SpineCurvilinearCoord;SpineRadialCoord;SpineLength;SpineRadius;TrackHeadIndices;TrackLength;TrackObjectCount;ParentTrackHeadIndices;TrackErrorNext;TrackErrorPrev;Prev;Next;Raw_intensity
Im001;0;0-0-0;0;0;0.00000;3.56695;-8.86319e-02;3.47490;0.21383;0-0-0;1;1;0-0;false;false;NA;NA;3.71763e+03
Im001;0;0-3-0;0;0;0.00000;3.08520;-0.31380;3.80003;0.88813;0-3-0;4;4;0-3;false;false;NA;1-3-0;4.33678e+03
Im001;0;1-3-0;1;0;8.48400e+03;3.09794;-0.31299;3.80003;0.88759;0-3-0;4;4;0-3;false;false;0-3-0;2-3-0;4.60067e+03
Im001;0;1-10-0;1;0;8.48400e+03;1.11293;-0.23950;3.84883;0.81648;1-10-0;1;1;0-10;false;false;NA;NA;4.61633e+03
Im001;0;2-3-0;2;0;4.00000;3.07244;-0.37994;3.80003;0.88822;0-3-0;4;4;0-3;false;false;1-3-0;3-3-0;4.54511e+03
Im001;0;3-3-0;3;0;6.00000;3.02189;-0.38666;3.80003;0.88796;0-3-0;4;4;0-3;false;false;2-3-0;NA;4.53122e+03
Im001;0;6-18-0;6;0;12.00000;0.95743;2.86405e-02;2.39740;0.90700;6-18-0;1;1;0-18;false;false;NA;NA;4.25678e+03
Im001;0;7-3-0;7;0;14.00000;3.13805;-0.42321;3.80003;0.88590;7-3-0;6;6;0-3;false;false;NA;8-3-0;3.90729e+03
Im001;0;8-3-0;8;0;16.00000;3.27144;-0.49286;3.80003;0.87503;7-3-0;6;6;0-3;false;false;7-3-0;9-3-0;3.80311e+03
Im001;0;9-3-0;9;0;18.00000;3.13805;-0.42321;3.80003;0.88590;7-3-0;6;6;0-3;false;false;8-3-0;10-3-0;4.05111e+03
Im001;0;10-3-0;10;0;20.00000;3.13805;-0.42321;3.80003;0.88590;7-3-0;6;6;0-3;false;false;9-3-0;11-3-0;3.77167e+03
Im001;0;11-3-0;11;0;22.00000;3.27144;-0.49286;3.80003;0.87503;7-3-0;6;6;0-3;false;false;10-3-0;12-3-1;3.91911e+03
Im001;0;12-3-0;12;0;24.00000;0.30174;0.10778;3.80003;0.67486;12-3-0;2;2;0-3;false;false;NA;13-3-0;3.54633e+03
Im001;0;12-3-1;12;1;24.00000;3.27144;-0.49286;3.80003;0.87503;7-3-0;6;6;0-3;false;false;11-3-0;NA;3.96222e+03
Im001;0;13-3-0;13;0;26.00000;0.29978;0.10293;3.80003;0.67334;12-3-0;2;2;0-3;false;false;12-3-0;NA;3.36744e+03
Im001;0;14-9-0;14;0;28.00000;2.18411;-0.36539;4.10379;0.84925;14-9-0;1;1;0-9;false;false;NA;NA;4.22838e+03
Im001;0;14-18-0;14;0;28.00000;1.97647;4.84763e-02;2.39740;0.86140;14-18-0;1;1;0-18;false;false;NA;NA;3.86278e+03
Im001;0;17-3-0;17;0;34.00000;0.36669;0.10837;3.80003;0.70019;17-3-0;1;1;0-3;false;false;NA;NA;3.40756e+03
Im001;0;18-12-0;18;0;36.00000;0.78511;-2.89788e-02;2.74559;0.86643;18-12-0;1;1;0-12;false;false;NA;NA;3.61856e+03
Im001;0;21-3-0;21;0;42.00000;0.32541;5.26279e-02;3.80003;0.68796;21-3-0;29;29;0-3;false;false;NA;22-3-0;3.38889e+03
Im001;0;21-12-0;21;0;42.00000;0.63349;0.41011;2.74559;0.86614;21-12-0;6;6;0-12;false;false;NA;22-12-0;3.48857e+03
Im001;0;21-14-0;21;0;42.00000;1.91648;-0.31614;3.99104;0.82681;21-14-0;1;1;0-14;false;false;NA;NA;3.77413e+03
Im001;0;21-16-0;21;0;42.00000;0.44405;-0.30879;2.61600;0.78751;21-16-0;1;1;0-16;false;false;NA;NA;4.04744e+03
Im001;0;22-3-0;22;0;44.00000;0.34508;6.94140e-02;3.80003;0.69377;21-3-0;29;29;0-3;false;false;21-3-0;23-3-0;3.43367e+03
Im001;0;22-12-0;22;0;44.00000;0.60880;0.40599;2.74559;0.86828;21-12-0;6;6;0-12;false;false;21-12-0;23-12-0;3.53057e+03
Im001;0;23-3-0;23;0;46.00000;0.38671;5.04331e-02;3.80003;0.70617;21-3-0;29;29;0-3;false;false;22-3-0;24-3-0;3.28733e+03
Im001;0;23-12-0;23;0;46.00000;0.60254;0.41023;2.74559;0.86884;21-12-0;6;6;0-12;false;false;22-12-0;24-12-0;3.40086e+03
Im001;0;24-2-0;24;0;48.00000;0.71625;-0.36705;2.40356;0.89681;24-2-0;1;1;0-2;false;false;NA;NA;3.06478e+03
Im001;0;24-3-0;24;0;48.00000;0.40542;4.20379e-02;3.80003;0.71179;21-3-0;29;29;0-3;false;false;23-3-0;25-3-0;3.43922e+03
Im001;0;24-12-0;24;0;48.00000;0.63102;0.40340;2.74559;0.86635;21-12-0;6;6;0-12;false;false;23-12-0;25-12-0;3.49957e+03
Im001;0;25-3-0;25;0;50.00000;0.39868;2.78429e-02;3.80003;0.70976;21-3-0;29;29;0-3;false;false;24-3-0;26-3-0;3.45989e+03
Im001;0;25-12-0;25;0;50.00000;0.65072;0.39871;2.74559;0.86474;21-12-0;6;6;0-12;false;false;24-12-0;26-12-0;3.57600e+03
Im001;0;26-3-0;26;0;52.00000;0.35935;-1.38385e-02;3.80003;0.69800;21-3-0;29;29;0-3;false;false;25-3-0;27-3-0;3.62656e+03
Im001;0;26-12-0;26;0;52.00000;0.69204;0.40660;2.74559;0.86491;21-12-0;6;6;0-12;false;false;25-12-0;NA;3.35350e+03
Im001;0;26-15-0;26;0;52.00000;1.99685;0.32671;3.06536;0.84415;26-15-0;1;1;0-15;false;false;NA;NA;4.10488e+03
Im001;0;27-3-0;27;0;54.00000;0.35445;-1.87102e-02;3.80003;0.69654;21-3-0;29;29;0-3;false;false;26-3-0;28-3-0;3.64578e+03
Im001;0;27-16-0;27;0;54.00000;0.52119;-4.87263e-03;2.61600;0.80347;27-16-0;2;2;0-16;false;false;NA;28-16-0;3.57256e+03
Im001;0;28-3-0;28;0;56.00000;0.36722;-3.72591e-02;3.80003;0.70034;21-3-0;29;29;0-3;false;false;27-3-0;29-3-0;3.77689e+03
Im001;0;28-12-0;28;0;56.00000;0.68493;0.37459;2.74559;0.86484;28-12-0;22;22;0-12;false;false;NA;29-12-0;3.51275e+03
Im001;0;28-16-0;28;0;56.00000;0.51557;-1.25070e-02;2.61600;0.80230;27-16-0;2;2;0-16;false;false;27-16-0;NA;3.82056e+03
Im001;0;29-3-0;29;0;58.00000;0.39247;-3.96592e-02;3.80003;0.70789;21-3-0;29;29;0-3;false;false;28-3-0;30-3-0;3.32500e+03
Im001;0;29-12-0;29;0;58.00000;0.64002;0.37412;2.74559;0.86560;28-12-0;22;22;0-12;false;false;28-12-0;30-12-0;3.60486e+03
Im001;0;30-3-0;30;0;60.00000;0.40178;-5.96915e-02;3.80003;0.71069;21-3-0;29;29;0-3;false;false;29-3-0;31-3-0;3.53878e+03
Im001;0;30-12-0;30;0;60.00000;0.60454;0.34362;2.74559;0.86866;28-12-0;22;22;0-12;false;false;29-12-0;31-12-0;3.82800e+03
Im001;0;31-3-0;31;0;62.00000;0.41928;-9.33530e-02;3.80003;0.71597;21-3-0;29;29;0-3;false;false;30-3-0;32-3-0;3.67778e+03
Im001;0;31-12-0;31;0;62.00000;0.58673;0.34716;2.74559;0.87031;28-12-0;22;22;0-12;false;false;30-12-0;32-12-0;3.70311e+03
Im001;0;32-3-0;32;0;64.00000;0.41460;-9.60769e-02;3.80003;0.71456;21-3-0;29;29;0-3;false;false;31-3-0;33-3-0;3.77911e+03
Im001;0;32-10-0;32;0;64.00000;0.51068;-8.78565e-02;3.84883;0.77728;32-10-0;2;2;0-10;false;false;NA;33-10-0;3.35678e+03
Im001;0;32-12-0;32;0;64.00000;0.57615;0.35435;2.74559;0.87133;28-12-0;22;22;0-12;false;false;31-12-0;33-12-0;3.51800e+03
Im001;0;33-3-0;33;0;66.00000;0.41127;-9.66694e-02;3.80003;0.71355;21-3-0;29;29;0-3;false;false;32-3-0;34-3-0;3.56722e+03
Im001;0;33-10-0;33;0;66.00000;0.54357;-0.13245;3.84883;0.78194;32-10-0;2;2;0-10;false;false;32-10-0;NA;3.78211e+03
Im001;0;33-12-0;33;0;66.00000;0.55686;0.32861;2.74559;0.87325;28-12-0;22;22;0-12;false;false;32-12-0;34-12-0;3.76267e+03
Im001;0;34-3-0;34;0;68.00000;0.43455;-9.90423e-02;3.80003;0.72158;21-3-0;29;29;0-3;false;false;33-3-0;35-3-0;3.70222e+03
Im001;0;34-12-0;34;0;68.00000;0.51790;0.32989;2.74559;0.86869;28-12-0;22;22;0-12;false;false;33-12-0;35-12-0;3.69856e+03
Im001;0;35-3-0;35;0;70.00000;0.43912;-0.10452;3.80003;0.72331;21-3-0;29;29;0-3;false;false;34-3-0;36-3-0;3.73389e+03
Im001;0;35-12-0;35;0;70.00000;0.48408;0.32933;2.74559;0.86166;28-12-0;22;22;0-12;false;false;34-12-0;36-12-0;3.64600e+03
Im001;0;36-3-0;36;0;72.00000;0.44868;-0.10832;3.80003;0.72692;21-3-0;29;29;0-3;false;false;35-3-0;37-3-0;3.58767e+03
Im001;0;36-6-0;36;0;72.00000;1.49709;-0.34360;3.34591;0.71347;36-6-0;3;3;0-6;false;false;NA;37-6-0;3.59286e+03
Im001;0;36-12-0;36;0;72.00000;0.47280;0.33011;2.74559;0.85932;28-12-0;22;22;0-12;false;false;35-12-0;37-12-0;3.37000e+03
Im001;0;37-3-0;37;0;74.00000;0.45341;-0.11457;3.80003;0.72871;21-3-0;29;29;0-3;false;false;36-3-0;38-3-0;3.69189e+03
Im001;0;37-6-0;37;0;74.00000;1.84001;-0.35819;3.34591;0.81277;36-6-0;3;3;0-6;false;false;36-6-0;38-6-0;4.17425e+03
Im001;0;37-12-0;37;0;74.00000;0.47531;0.30633;2.74559;0.85984;28-12-0;22;22;0-12;false;false;36-12-0;38-12-0;3.70544e+03
Im001;0;38-3-0;38;0;76.00000;0.45816;-0.12962;3.80003;0.73050;21-3-0;29;29;0-3;false;false;37-3-0;39-3-0;3.74533e+03
Im001;0;38-6-0;38;0;76.00000;1.74541;-0.29218;3.34591;0.78195;36-6-0;3;3;0-6;false;false;37-6-0;NA;3.79889e+03
Im001;0;38-12-0;38;0;76.00000;0.47948;0.32274;2.74559;0.86071;28-12-0;22;22;0-12;false;false;37-12-0;39-12-0;3.63778e+03
Im001;0;39-3-0;39;0;78.00000;0.47605;-0.12236;3.80003;0.73727;21-3-0;29;29;0-3;false;false;38-3-0;40-3-0;3.69300e+03
Im001;0;39-6-0;39;0;78.00000;0.96603;-0.10789;3.34591;0.71687;39-6-0;1;1;0-6;false;false;NA;NA;3.52500e+03
Im001;0;39-12-0;39;0;78.00000;0.46319;0.32395;2.74559;0.85733;28-12-0;22;22;0-12;false;false;38-12-0;40-12-0;3.66200e+03
Im001;0;40-3-0;40;0;80.00000;0.48812;-0.13243;3.80003;0.74183;21-3-0;29;29;0-3;false;false;39-3-0;41-3-0;3.71478e+03
Im001;0;40-6-0;40;0;80.00000;1.53425;-0.28921;3.34591;0.72112;40-6-0;1;1;0-6;false;false;NA;NA;3.85300e+03
Im001;0;40-12-0;40;0;80.00000;0.46069;0.32411;2.74559;0.85680;28-12-0;22;22;0-12;false;false;39-12-0;41-12-0;3.66711e+03
Im001;0;41-3-0;41;0;82.00000;0.51167;-0.13468;3.80003;0.75074;21-3-0;29;29;0-3;false;false;40-3-0;42-3-0;3.56978e+03
Im001;0;41-9-0;41;0;82.00000;2.36013;-0.13021;4.10379;0.86581;41-9-0;3;3;0-9;false;false;NA;42-9-0;4.22189e+03
Im001;0;41-12-0;41;0;82.00000;0.45442;0.31300;2.74559;0.85550;28-12-0;22;22;0-12;false;false;40-12-0;42-12-0;3.61889e+03
Im001;0;42-3-0;42;0;84.00000;0.51111;-0.15853;3.80003;0.75053;21-3-0;29;29;0-3;false;false;41-3-0;43-3-0;3.61322e+03
Im001;0;42-9-0;42;0;84.00000;2.31653;-0.15051;4.10379;0.86386;41-9-0;3;3;0-9;false;false;41-9-0;43-9-0;4.32544e+03
Im001;0;42-12-0;42;0;84.00000;0.42493;0.27574;2.74559;0.84749;28-12-0;22;22;0-12;false;false;41-12-0;43-12-0;3.64089e+03
Im001;0;43-3-0;43;0;86.00000;0.51677;-0.17491;3.80003;0.75267;21-3-0;29;29;0-3;false;false;42-3-0;44-3-0;3.51400e+03
Im001;0;43-7-0;43;0;86.00000;0.61218;9.90039e-02;2.90105;0.69715;43-7-0;1;1;0-7;false;false;NA;NA;3.96356e+03
Im001;0;43-9-0;43;0;86.00000;2.34151;-0.20475;4.10379;0.86519;41-9-0;3;3;0-9;false;false;42-9-0;NA;4.44078e+03
Im001;0;43-12-0;43;0;86.00000;0.39271;0.31309;2.74559;0.83654;28-12-0;22;22;0-12;false;false;42-12-0;44-12-0;3.58778e+03
Im001;0;44-3-0;44;0;88.00000;0.52109;-0.17826;3.80003;0.75430;21-3-0;29;29;0-3;false;false;43-3-0;45-3-0;3.70656e+03
Im001;0;44-12-0;44;0;88.00000;0.38488;0.32600;2.74559;0.83392;28-12-0;22;22;0-12;false;false;43-12-0;45-12-0;3.50522e+03
Im001;0;45-3-0;45;0;90.00000;0.54053;-0.18930;3.80003;0.75966;21-3-0;29;29;0-3;false;false;44-3-0;46-3-0;3.54556e+03
Im001;0;45-12-0;45;0;90.00000;0.38572;0.36592;2.74559;0.83420;28-12-0;22;22;0-12;false;false;44-12-0;46-12-0;3.50488e+03
Im001;0;46-3-0;46;0;92.00000;0.52854;-0.19510;3.80003;0.75708;21-3-0;29;29;0-3;false;false;45-3-0;47-3-0;3.65911e+03
Im001;0;46-8-0;46;0;92.00000;1.42756;0.46722;2.35228;1.00293;46-8-0;1;1;0-8;false;false;NA;NA;3.99914e+03
Im001;0;46-12-0;46;0;92.00000;0.36708;0.34863;2.74559;0.82803;28-12-0;22;22;0-12;false;false;45-12-0;47-12-0;3.52950e+03
Im001;0;47-3-0;47;0;94.00000;0.53520;-0.19856;3.80003;0.75851;21-3-0;29;29;0-3;false;false;46-3-0;48-3-0;3.68456e+03
Im001;0;47-12-0;47;0;94.00000;0.26665;0.35413;2.74559;0.75078;28-12-0;22;22;0-12;false;false;46-12-0;48-12-0;3.35888e+03
Im001;0;47-19-0;47;0;94.00000;0.52318;0.23323;2.16477;0.85678;47-19-0;1;1;0-19;false;false;NA;NA;3.41933e+03
Im001;0;48-3-0;48;0;96.00000;0.53296;-0.19554;3.80003;0.75803;21-3-0;29;29;0-3;false;false;47-3-0;49-3-0;3.53244e+03
Im001;0;48-9-0;48;0;96.00000;2.95899;-0.19659;4.10379;0.80731;48-9-0;2;2;0-9;false;false;NA;49-9-0;4.56567e+03
Im001;0;48-12-0;48;0;96.00000;0.32330;0.32334;2.74559;0.80807;28-12-0;22;22;0-12;false;false;47-12-0;49-12-0;3.30278e+03
Im001;0;49-3-0;49;0;98.00000;0.54815;-0.20125;3.80003;0.76131;21-3-0;29;29;0-3;false;false;48-3-0;NA;3.46189e+03
Im001;0;49-9-0;49;0;98.00000;3.06343;-0.21222;4.10379;0.79334;48-9-0;2;2;0-9;false;false;48-9-0;NA;4.05811e+03
Im001;0;49-12-0;49;0;98.00000;0.30007;0.34766;2.74559;0.78455;28-12-0;22;22;0-12;false;false;48-12-0;NA;3.20850e+03
Im002;1;0-4-0;0;0;0.00000;1.43628;-0.11646;2.17012;0.86213;0-4-0;6;6;0-4;false;false;NA;1-4-0;5.30356e+03
Im002;1;0-11-0;0;0;0.00000;1.63446;0.16155;4.40254;0.78067;0-11-0;11;11;0-11;false;false;NA;1-11-0;4.30811e+03
Im002;1;0-23-0;0;0;0.00000;1.44946;-0.20600;3.52710;0.79824;0-23-0;6;6;0-23;false;false;NA;1-23-0;3.47744e+03
Im002;1;1-2-0;1;0;7.99200e+03;1.66665;-6.46978e-02;2.95022;0.83857;1-2-0;1;1;0-2;false;false;NA;NA;3.69500e+03
Im002;1;1-4-0;1;0;7.99200e+03;1.47800;-0.11286;2.17012;0.86165;0-4-0;6;6;0-4;false;false;0-4-0;2-4-0;5.18200e+03
Im002;1;1-11-0;1;0;7.99200e+03;1.69158;0.12751;4.40254;0.77332;0-11-0;11;11;0-11;false;false;0-11-0;2-11-0;4.31911e+03
Im002;1;1-23-0;1;0;7.99200e+03;1.43779;-0.18791;3.52710;0.79822;0-23-0;6;6;0-23;false;false;0-23-0;2-23-0;3.63822e+03
Im002;1;2-4-0;2;0;4.00000;1.51862;-8.37572e-02;2.17012;0.85863;0-4-0;6;6;0-4;false;false;1-4-0;3-4-0;5.05644e+03
Im002;1;2-11-0;2;0;4.00000;1.66998;0.20006;4.40254;0.77610;0-11-0;11;11;0-11;false;false;1-11-0;3-11-0;4.16189e+03
Im002;1;2-23-0;2;0;4.00000;1.39283;-0.18800;3.52710;0.79817;0-23-0;6;6;0-23;false;false;1-23-0;3-23-0;3.68978e+03
Im002;1;2-24-0;2;0;4.00000;2.06548;0.22753;3.07805;0.84403;2-24-0;2;2;0-24;false;false;NA;3-24-0;3.51556e+03
Im002;1;3-4-0;3;0;6.00000;1.51256;-0.10376;2.17012;0.85908;0-4-0;6;6;0-4;false;false;2-4-0;4-4-0;5.09356e+03
Im002;1;3-11-0;3;0;6.00000;1.67068;0.21714;4.40254;0.77601;0-11-0;11;11;0-11;false;false;2-11-0;4-11-0;4.39456e+03
Im002;1;3-23-0;3;0;6.00000;1.38787;-0.20994;3.52710;0.79816;0-23-0;6;6;0-23;false;false;2-23-0;4-23-0;3.63867e+03
Im002;1;3-24-0;3;0;6.00000;1.97726;0.26837;3.07805;0.83938;2-24-0;2;2;0-24;false;false;2-24-0;NA;3.08144e+03
Im002;1;4-4-0;4;0;8.00000;1.53428;-7.53677e-02;2.17012;0.85746;0-4-0;6;6;0-4;false;false;3-4-0;5-4-0;5.06656e+03
Im002;1;4-11-0;4;0;8.00000;1.67389;0.23529;4.40254;0.77560;0-11-0;11;11;0-11;false;false;3-11-0;5-11-0;3.84344e+03
Im002;1;4-20-0;4;0;8.00000;2.37526;-0.18329;3.11097;0.86614;4-20-0;2;2;0-20;false;false;NA;5-20-0;3.57933e+03
Im002;1;4-23-0;4;0;8.00000;1.42444;-0.26129;3.52710;0.79821;0-23-0;6;6;0-23;false;false;3-23-0;5-23-0;3.52700e+03
Im002;1;5-4-0;5;0;10.00000;1.50128;-1.19288e-02;2.17012;0.85991;0-4-0;6;6;0-4;false;false;4-4-0;NA;4.36222e+03
Im002;1;5-11-0;5;0;10.00000;1.70751;0.20901;4.40254;0.77128;0-11-0;11;11;0-11;false;false;4-11-0;6-11-0;4.05356e+03
Im002;1;5-20-0;5;0;10.00000;2.63117;0.17270;3.11097;0.82586;4-20-0;2;2;0-20;false;false;4-20-0;NA;4.01778e+03
Im002;1;5-23-0;5;0;10.00000;1.46886;-0.25862;3.52710;0.79826;0-23-0;6;6;0-23;false;false;4-23-0;NA;3.58800e+03
Im002;1;6-11-0;6;0;12.00000;1.74749;0.16057;4.40254;0.76614;0-11-0;11;11;0-11;false;false;5-11-0;7-11-0;3.84433e+03
Im002;1;7-11-0;7;0;14.00000;1.76778;0.15610;4.40254;0.76354;0-11-0;11;11;0-11;false;false;6-11-0;8-11-0;3.74744e+03
Im002;1;8-11-0;8;0;16.00000;1.78049;0.18048;4.40254;0.76191;0-11-0;11;11;0-11;false;false;7-11-0;9-11-0;4.12344e+03
Im002;1;8-23-0;8;0;16.00000;1.52666;-0.18394;3.52710;0.79869;8-23-0;3;3;0-23;false;false;NA;9-23-0;3.53578e+03
Im002;1;8-24-0;8;0;16.00000;2.23121;0.29177;3.07805;0.84535;8-24-0;1;1;0-24;false;false;NA;NA;3.52756e+03
Im002;1;9-11-0;9;0;18.00000;1.79356;0.20059;4.40254;0.76023;0-11-0;11;11;0-11;false;false;8-11-0;10-11-0;3.64589e+03
Im002;1;9-23-0;9;0;18.00000;1.48962;-0.18250;3.52710;0.79840;8-23-0;3;3;0-23;false;false;8-23-0;10-23-0;3.44500e+03
Im002;1;10-11-0;10;0;20.00000;1.82099;0.20989;4.40254;0.75671;0-11-0;11;11;0-11;false;false;9-11-0;NA;3.14056e+03
Im002;1;10-20-0;10;0;20.00000;3.11285;-0.23982;3.11097;0.54091;10-20-0;1;1;0-20;false;false;NA;NA;3.21838e+03
Im002;1;10-23-0;10;0;20.00000;1.52442;-0.20989;3.52710;0.79868;8-23-0;3;3;0-23;false;false;9-23-0;NA;3.35078e+03
Im002;1;13-2-0;13;0;26.00000;1.36564;4.33806e-02;2.95022;0.84244;13-2-0;1;1;0-2;false;false;NA;NA;3.40667e+03
Im002;1;14-5-0;14;0;28.00000;0.69004;0.22015;3.88190;0.85985;14-5-0;1;1;0-5;false;false;NA;NA;3.88700e+03
Im002;1;14-11-0;14;0;28.00000;1.84646;0.20902;4.40254;0.75309;14-11-0;28;28;0-11;false;false;NA;15-11-0;4.00489e+03
Im002;1;15-11-0;15;0;30.00000;1.91459;0.20587;4.40254;0.74019;14-11-0;28;28;0-11;false;false;14-11-0;16-11-0;3.75967e+03
Im002;1;15-23-0;15;0;30.00000;1.52812;-0.30561;3.52710;0.79871;15-23-0;3;3;0-23;false;false;NA;16-23-0;3.71889e+03
Im002;1;16-11-0;16;0;32.00000;1.95069;0.18214;4.40254;0.73336;14-11-0;28;28;0-11;false;false;15-11-0;17-11-0;3.79778e+03
Im002;1;16-22-0;16;0;32.00000;0.67194;-0.20137;3.45281;0.84453;16-22-0;1;1;0-22;false;false;NA;NA;3.45933e+03
Im002;1;16-23-0;16;0;32.00000;1.52146;-0.31954;3.52710;0.79865;15-23-0;3;3;0-23;false;false;15-23-0;17-23-0;3.56089e+03
Im002;1;17-11-0;17;0;34.00000;1.98518;0.23167;4.40254;0.72685;14-11-0;28;28;0-11;false;false;16-11-0;18-11-0;3.60700e+03
Im002;1;17-21-0;17;0;34.00000;2.51319;-1.39646e-02;3.76478;0.86332;17-21-0;1;1;0-21;false;false;NA;NA;3.02856e+03
Im002;1;17-23-0;17;0;34.00000;1.52332;-0.31335;3.52710;0.79867;15-23-0;3;3;0-23;false;false;16-23-0;NA;3.52633e+03
Im002;1;18-11-0;18;0;36.00000;2.01859;0.26986;4.40254;0.71959;14-11-0;28;28;0-11;false;false;17-11-0;19-11-0;3.62225e+03
Im002;1;19-11-0;19;0;38.00000;2.01880;0.26417;4.40254;0.71955;14-11-0;28;28;0-11;false;false;18-11-0;20-11-0;3.50188e+03
Im002;1;20-11-0;20;0;40.00000;1.99708;0.23372;4.40254;0.72440;14-11-0;28;28;0-11;false;false;19-11-0;21-11-0;3.74022e+03
Im002;1;20-16-0;20;0;40.00000;2.26002;-0.16403;2.50556;0.65069;20-16-0;1;1;0-16;false;false;NA;NA;3.69378e+03
Im002;1;21-9-0;21;0;42.00000;1.54287;7.08009e-02;2.25860;0.87349;21-9-0;1;1;0-9;false;false;NA;NA;2.72289e+03
Im002;1;21-11-0;21;0;42.00000;1.97584;0.21551;4.40254;0.72861;14-11-0;28;28;0-11;false;false;20-11-0;22-11-0;3.46100e+03
Im002;1;22-11-0;22;0;44.00000;1.97080;0.20750;4.40254;0.72956;14-11-0;28;28;0-11;false;false;21-11-0;23-11-0;3.51089e+03
Im002;1;23-1-0;23;0;46.00000;3.12853;-5.38249e-02;3.58921;0.73502;23-1-0;1;1;0-1;false;false;NA;NA;3.03711e+03
Im002;1;23-11-0;23;0;46.00000;1.96459;0.20321;4.40254;0.73074;14-11-0;28;28;0-11;false;false;22-11-0;24-11-0;3.26278e+03
Im002;1;24-11-0;24;0;48.00000;1.95989;0.20078;4.40254;0.73162;14-11-0;28;28;0-11;false;false;23-11-0;25-11-0;3.42456e+03
Im002;1;25-11-0;25;0;50.00000;1.96181;0.19466;4.40254;0.73126;14-11-0;28;28;0-11;false;false;24-11-0;26-11-0;3.61411e+03
Im002;1;26-11-0;26;0;52.00000;1.99687;0.20171;4.40254;0.72444;14-11-0;28;28;0-11;false;false;25-11-0;27-11-0;3.51956e+03
Im002;1;27-11-0;27;0;54.00000;2.01964;0.20331;4.40254;0.71936;14-11-0;28;28;0-11;false;false;26-11-0;28-11-0;3.44144e+03
Im002;1;28-4-0;28;0;56.00000;0.97652;-0.38260;2.17012;0.83166;28-4-0;1;1;0-4;false;false;NA;NA;3.47500e+03
Im002;1;28-11-0;28;0;56.00000;2.03216;0.19835;4.40254;0.71656;14-11-0;28;28;0-11;false;false;27-11-0;29-11-0;3.38378e+03
Im002;1;28-24-0;28;0;56.00000;1.79697;-0.37598;3.07805;0.82810;28-24-0;2;2;0-24;false;false;NA;29-24-0;2.81129e+03
Im002;1;29-5-0;29;0;58.00000;2.43214;0.12601;3.88190;0.77385;29-5-0;1;1;0-5;false;false;NA;NA;3.28078e+03
Im002;1;29-11-0;29;0;58.00000;2.04720;0.18936;4.40254;0.71320;14-11-0;28;28;0-11;false;false;28-11-0;30-11-0;3.45578e+03
Im002;1;29-24-0;29;0;58.00000;1.83204;-0.36822;3.07805;0.83023;28-24-0;2;2;0-24;false;false;28-24-0;NA;3.42857e+03
Im002;1;30-11-0;30;0;60.00000;2.06412;0.19900;4.40254;0.70943;14-11-0;28;28;0-11;false;false;29-11-0;31-11-0;3.42878e+03
Im002;1;31-11-0;31;0;62.00000;2.09377;0.18995;4.40254;0.70282;14-11-0;28;28;0-11;false;false;30-11-0;32-11-0;3.46511e+03
Im002;1;32-4-0;32;0;64.00000;1.27695;5.47513e-02;2.17012;0.86139;32-4-0;5;5;0-4;false;false;NA;33-4-0;4.08111e+03
Im002;1;32-11-0;32;0;64.00000;2.09962;0.13029;4.40254;0.70151;14-11-0;28;28;0-11;false;false;31-11-0;33-11-0;3.62656e+03
Im002;1;33-4-0;33;0;66.00000;1.28092;3.31292e-02;2.17012;0.86141;32-4-0;5;5;0-4;false;false;32-4-0;34-4-0;4.14600e+03
Im002;1;33-11-0;33;0;66.00000;2.04532;0.14907;4.40254;0.71362;14-11-0;28;28;0-11;false;false;32-11-0;34-11-0;3.71578e+03
Im002;1;34-4-0;34;0;68.00000;1.30253;2.13693e-02;2.17012;0.86151;32-4-0;5;5;0-4;false;false;33-4-0;35-4-0;3.92500e+03
Im002;1;34-11-0;34;0;68.00000;2.07895;0.11102;4.40254;0.70612;14-11-0;28;28;0-11;false;false;33-11-0;35-11-0;3.81922e+03
Im002;1;35-4-0;35;0;70.00000;1.32300;8.56574e-03;2.17012;0.86161;32-4-0;5;5;0-4;false;false;34-4-0;36-4-0;4.19433e+03
Im002;1;35-11-0;35;0;70.00000;2.08500;0.12794;4.40254;0.70477;14-11-0;28;28;0-11;false;false;34-11-0;36-11-0;3.51756e+03
Im002;1;36-4-0;36;0;72.00000;1.34649;1.82417e-02;2.17012;0.86172;32-4-0;5;5;0-4;false;false;35-4-0;NA;2.97011e+03
Im002;1;36-11-0;36;0;72.00000;2.06286;0.13585;4.40254;0.70971;14-11-0;28;28;0-11;false;false;35-11-0;37-11-0;3.71044e+03
Im002;1;37-11-0;37;0;74.00000;2.03885;0.13968;4.40254;0.71507;14-11-0;28;28;0-11;false;false;36-11-0;38-11-0;3.36556e+03
Im002;1;38-11-0;38;0;76.00000;2.04658;0.15945;4.40254;0.71334;14-11-0;28;28;0-11;false;false;37-11-0;39-11-0;3.34633e+03
Im002;1;39-11-0;39;0;78.00000;2.11083;0.16067;4.40254;0.69906;14-11-0;28;28;0-11;false;false;38-11-0;40-11-0;3.19911e+03
Im002;1;40-11-0;40;0;80.00000;2.12356;0.15768;4.40254;0.69628;14-11-0;28;28;0-11;false;false;39-11-0;41-11-0;3.31000e+03
Im002;1;40-16-0;40;0;80.00000;1.29563;1.00677e-02;2.50556;0.83245;40-16-0;1;1;0-16;false;false;NA;NA;2.94222e+03
Im002;1;41-11-0;41;0;82.00000;2.16595;0.20285;4.40254;0.68704;14-11-0;28;28;0-11;false;false;40-11-0;NA;3.01425e+03
Im002;1;46-24-0;46;0;92.00000;1.38002;0.40002;3.07805;0.80803;46-24-0;1;1;0-24;false;false;NA;NA;2.91400e+03
Im002;1;47-22-0;47;0;94.00000;0.50292;-0.29980;3.45281;0.82497;47-22-0;1;1;0-22;false;false;NA;NA;3.28963e+03
Im002;1;48-8-0;48;0;96.00000;1.81718;-0.26649;2.28905;0.85150;48-8-0;1;1;0-8;false;false;NA;NA;2.76933e+03
Im002;1;48-24-0;48;0;96.00000;0.59957;0.36785;3.07805;0.84411;48-24-0;1;1;0-24;false;false;NA;NA;2.91357e+03
Im003;2;0-6-0;0;0;0.00000;1.02400;-0.27540;2.69123;0.94762;0-6-0;1;1;0-6;false;false;NA;NA;4.07700e+03
Im003;2;0-20-0;0;0;0.00000;3.68002;6.32503e-02;4.51379;0.95137;0-20-0;1;1;0-20;false;false;NA;NA;3.52211e+03
Im003;2;2-12-0;2;0;4.00000;1.79848;-0.17224;2.81641;0.75519;2-12-0;1;1;0-12;false;false;NA;NA;3.49144e+03
Im003;2;3-20-0;3;0;6.00000;2.83240;-0.30675;4.51379;0.82683;3-20-0;2;2;0-20;false;false;NA;4-20-0;3.27422e+03
Im003;2;4-20-0;4;0;8.00000;3.13838;-0.39536;4.51379;0.90081;3-20-0;2;2;0-20;false;false;3-20-0;NA;3.22600e+03
Im003;2;5-4-0;5;0;10.00000;1.79834;-1.18651e-02;2.50556;0.93346;5-4-0;1;1;0-4;false;false;NA;NA;4.04644e+03
Im003;2;5-20-0;5;0;10.00000;3.56251;-0.46483;4.51379;0.94838;5-20-0;1;1;0-20;false;false;NA;NA;3.20943e+03
Im003;2;7-2-0;7;0;14.00000;1.84106;-0.25306;3.72179;0.83753;7-2-0;6;6;0-2;false;false;NA;8-2-0;3.76722e+03
Im003;2;8-2-0;8;0;16.00000;1.56710;-0.26714;3.72179;0.84835;7-2-0;6;6;0-2;false;false;7-2-0;9-2-0;3.89111e+03
Im003;2;8-8-0;8;0;16.00000;1.14505;-0.15436;3.26632;0.93363;8-8-0;2;2;0-8;false;false;NA;9-8-0;4.15811e+03
Im003;2;9-2-0;9;0;18.00000;1.46505;-0.40209;3.72179;0.85714;7-2-0;6;6;0-2;false;false;8-2-0;10-2-0;3.40875e+03
Im003;2;9-8-0;9;0;18.00000;1.12900;-0.14581;3.26632;0.93451;8-8-0;2;2;0-8;false;false;8-8-0;NA;4.26189e+03
Im003;2;10-2-0;10;0;20.00000;1.34890;-0.40681;3.72179;0.86766;7-2-0;6;6;0-2;false;false;9-2-0;11-2-0;3.12100e+03
Im003;2;10-6-0;10;0;20.00000;0.34810;-2.73083e-02;2.69123;0.84997;10-6-0;1;1;0-6;false;false;NA;NA;3.98278e+03
Im003;2;11-2-0;11;0;22.00000;1.45210;-0.35198;3.72179;0.85835;7-2-0;6;6;0-2;false;false;10-2-0;12-2-0;3.71925e+03
Im003;2;11-8-0;11;0;22.00000;0.96617;0.13595;3.26632;0.93898;11-8-0;1;1;0-8;false;false;NA;NA;4.05467e+03
Im003;2;12-2-0;12;0;24.00000;1.56751;-0.36249;3.72179;0.84832;7-2-0;6;6;0-2;false;false;11-2-0;NA;3.51878e+03
Im003;2;16-4-0;16;0;32.00000;2.32158;0.13499;2.50556;0.74627;16-4-0;1;1;0-4;false;false;NA;NA;3.49556e+03
Im003;2;17-2-0;17;0;34.00000;5.15534e-02;-0.15526;3.72179;0.44843;17-2-0;1;1;0-2;false;false;NA;NA;3.51586e+03
Im003;2;18-2-0;18;0;36.00000;3.63304;-0.25086;3.72179;0.55254;18-2-0;1;1;0-2;false;false;NA;NA;3.36386e+03
Im003;2;18-6-0;18;0;36.00000;1.95466;-0.27171;2.69123;0.87835;18-6-0;1;1;0-6;false;false;NA;NA;3.63933e+03
Im003;2;19-15-0;19;0;38.00000;0.55282;-4.42520e-02;2.95182;0.70474;19-15-0;2;2;0-15;false;false;NA;20-15-0;3.49856e+03
Im003;2;20-4-0;20;0;40.00000;1.10283;0.12196;2.50556;0.85206;20-4-0;1;1;0-4;false;false;NA;NA;3.51633e+03
Im003;2;20-15-0;20;0;40.00000;0.52566;-3.06151e-02;2.95182;0.69651;19-15-0;2;2;0-15;false;false;19-15-0;NA;3.30500e+03
Im003;2;24-2-0;24;0;48.00000;2.27130;-8.24365e-02;3.72179;0.87751;24-2-0;1;1;0-2;false;false;NA;NA;3.51400e+03
Im003;2;25-2-0;25;0;50.00000;5.69945e-02;-0.17243;3.72179;0.47319;25-2-0;4;4;0-2;false;false;NA;26-2-0;3.32914e+03
Im003;2;26-2-0;26;0;52.00000;0.10947;-1.67790e-02;3.72179;0.56957;25-2-0;4;4;0-2;false;false;25-2-0;27-2-0;3.26156e+03
Im003;2;26-18-0;26;0;52.00000;1.36437;-0.16468;2.36131;0.90302;26-18-0;1;1;0-18;false;false;NA;NA;3.59144e+03
Im003;2;27-2-0;27;0;54.00000;0.13388;-3.30978e-02;3.72179;0.59608;25-2-0;4;4;0-2;false;false;26-2-0;28-2-0;3.63167e+03
Im003;2;28-2-0;28;0;56.00000;3.64927e-02;-0.18308;3.72179;0.37989;25-2-0;4;4;0-2;false;false;27-2-0;NA;3.43525e+03
Im003;2;36-2-0;36;0;72.00000;3.55348;-0.40249;3.72179;0.64216;36-2-0;1;1;0-2;false;false;NA;NA;3.29756e+03
Im003;2;38-2-0;38;0;76.00000;0.31634;-0.31167;3.72179;0.72395;38-2-0;1;1;0-2;false;false;NA;NA;3.74288e+03
Im003;2;48-10-0;48;0;96.00000;0.58082;-0.36000;2.82942;0.77134;48-10-0;2;2;0-10;false;false;NA;49-10-0;2.58822e+03
Im003;2;48-11-0;48;0;96.00000;1.56580;-6.33363e-02;4.04868;0.68382;48-11-0;1;1;0-11;false;false;NA;NA;3.24456e+03
Im003;2;49-2-0;49;0;98.00000;0.76350;-5.80893e-02;3.72179;0.86687;49-2-0;1;1;0-2;false;false;NA;NA;3.29989e+03
Im003;2;49-9-0;49;0;98.00000;9.24774;-7.34979e-02;10.12495;0.78550;49-9-0;1;1;0-9;false;false;NA;NA;3.01089e+03
Im003;2;49-10-0;49;0;98.00000;0.53306;-0.36790;2.82942;0.76729;48-10-0;2;2;0-10;false;false;48-10-0;NA;2.62050e+03
Im005;3;0-3-0;0;0;0.00000;2.53419;-3.32857e-02;2.74383;0.56440;0-3-0;20;20;0-3;false;false;NA;1-3-0;4.20289e+03
Im005;3;0-6-0;0;0;0.00000;1.73808;-0.35770;4.16698;0.77582;0-6-0;2;2;0-6;false;false;NA;1-6-0;4.21300e+03
Im005;3;0-12-0;0;0;0.00000;3.69746;0.30586;4.49628;0.73032;0-12-0;3;3;0-12;false;false;NA;1-12-0;3.87271e+03
Im005;3;0-13-0;0;0;0.00000;2.45269;0.28404;2.85372;0.85366;0-13-0;6;6;0-13;false;false;NA;1-13-0;3.82889e+03
Im005;3;0-15-0;0;0;0.00000;2.43500;0.17065;2.47382;0.39901;0-15-0;3;3;0-15;false;false;NA;1-15-0;4.07600e+03
Im005;3;0-56-0;0;0;0.00000;0.17974;0.14203;3.05152;0.67136;0-56-0;1;1;0-56;false;false;NA;NA;3.26522e+03
Im005;3;1-3-0;1;0;8.07600e+03;2.55903;-8.63847e-02;2.74383;0.54231;0-3-0;20;20;0-3;false;false;0-3-0;2-3-0;3.95800e+03
Im005;3;1-6-0;1;0;8.07600e+03;1.69430;-0.34582;4.16698;0.77547;0-6-0;2;2;0-6;false;false;0-6-0;NA;4.22567e+03
Im005;3;1-12-0;1;0;8.07600e+03;3.73295;0.24664;4.49628;0.73096;0-12-0;3;3;0-12;false;false;0-12-0;2-12-1;3.67522e+03
Im005;3;1-13-0;1;0;8.07600e+03;2.46442;0.24178;2.85372;0.84692;0-13-0;6;6;0-13;false;false;0-13-0;2-13-0;3.88289e+03
Im005;3;1-15-0;1;0;8.07600e+03;2.47933;0.11544;2.47382;0.28308;0-15-0;3;3;0-15;false;false;0-15-0;2-15-0;4.07525e+03
Im005;3;1-58-0;1;0;8.07600e+03;2.68876;3.08896e-02;3.68519;0.71271;1-58-0;2;2;0-58;false;false;NA;2-58-0;3.65022e+03
Im005;3;2-3-0;2;0;4.00000;2.59814;-0.12790;2.74383;0.50785;0-3-0;20;20;0-3;false;false;1-3-0;3-3-0;4.29456e+03
Im005;3;2-12-0;2;0;4.00000;1.66787;0.39984;4.49628;0.82152;2-12-0;1;1;0-12;false;false;NA;NA;3.61589e+03
Im005;3;2-12-1;2;1;4.00000;3.73963;0.22669;4.49628;0.73080;0-12-0;3;3;0-12;false;false;1-12-0;NA;3.67344e+03
Im005;3;2-13-0;2;0;4.00000;2.41666;0.22345;2.85372;0.87129;0-13-0;6;6;0-13;false;false;1-13-0;3-13-0;4.26533e+03
Im005;3;2-15-0;2;0;4.00000;2.47554;0.13229;2.47382;0.28308;0-15-0;3;3;0-15;false;false;1-15-0;NA;4.20225e+03
Im005;3;2-58-0;2;0;4.00000;2.69143;2.47492e-03;3.68519;0.71270;1-58-0;2;2;0-58;false;false;1-58-0;NA;3.75844e+03
Im005;3;3-3-0;3;0;6.00000;2.61918;-0.12338;2.74383;0.48929;0-3-0;20;20;0-3;false;false;2-3-0;4-3-0;4.14578e+03
Im005;3;3-13-0;3;0;6.00000;2.41009;0.20872;2.85372;0.87452;0-13-0;6;6;0-13;false;false;2-13-0;4-13-0;4.27633e+03
Im005;3;4-3-0;4;0;8.00000;2.61226;-0.11078;2.74383;0.49540;0-3-0;20;20;0-3;false;false;3-3-0;5-3-0;4.57533e+03
Im005;3;4-12-0;4;0;8.00000;1.54746;0.34496;4.49628;0.83268;4-12-0;2;2;0-12;false;false;NA;5-12-0;3.61811e+03
Im005;3;4-13-0;4;0;8.00000;2.39281;0.11697;2.85372;0.88305;0-13-0;6;6;0-13;false;false;3-13-0;5-13-0;4.06256e+03
Im005;3;4-15-0;4;0;8.00000;2.46750;0.15494;2.47382;0.30193;4-15-0;5;5;0-15;false;false;NA;5-15-0;3.89888e+03
Im005;3;4-18-0;4;0;8.00000;0.39384;0.40473;2.33891;0.76485;4-18-0;1;1;0-18;false;false;NA;NA;4.34863e+03
Im005;3;5-3-0;5;0;10.00000;2.60904;-0.12455;2.74383;0.49824;0-3-0;20;20;0-3;false;false;4-3-0;6-3-0;3.99856e+03
Im005;3;5-12-0;5;0;10.00000;1.54689;0.37167;4.49628;0.83273;4-12-0;2;2;0-12;false;false;4-12-0;NA;3.62578e+03
Im005;3;5-13-0;5;0;10.00000;2.35602;0.12409;2.85372;0.90134;0-13-0;6;6;0-13;false;false;4-13-0;NA;4.08600e+03
Im005;3;5-15-0;5;0;10.00000;2.47256;0.16575;2.47382;0.28684;4-15-0;5;5;0-15;false;false;4-15-0;6-15-0;3.77500e+03
Im005;3;6-3-0;6;0;12.00000;2.56530;-8.39597e-02;2.74383;0.53676;0-3-0;20;20;0-3;false;false;5-3-0;7-3-0;4.17989e+03
Im005;3;6-6-0;6;0;12.00000;1.72675;-0.40544;4.16698;0.77568;6-6-0;8;8;0-6;false;false;NA;7-6-0;4.12157e+03
Im005;3;6-15-0;6;0;12.00000;2.44259;0.13635;2.47382;0.37632;4-15-0;5;5;0-15;false;false;5-15-0;7-15-0;3.80213e+03
Im005;3;7-3-0;7;0;14.00000;2.56550;-7.85280e-02;2.74383;0.53659;0-3-0;20;20;0-3;false;false;6-3-0;8-3-0;4.27289e+03
Im005;3;7-6-0;7;0;14.00000;1.78658;-0.33959;4.16698;0.77651;6-6-0;8;8;0-6;false;false;6-6-0;8-6-0;4.24629e+03
Im005;3;7-13-0;7;0;14.00000;2.43651;0.12400;2.85372;0.86155;7-13-0;15;15;0-13;false;false;NA;8-13-0;3.98567e+03
Im005;3;7-15-0;7;0;14.00000;2.46244;0.12267;2.47382;0.31706;4-15-0;5;5;0-15;false;false;6-15-0;8-15-0;3.76300e+03
Im005;3;7-40-0;7;0;14.00000;2.63457;0.36638;3.28171;0.77916;7-40-0;2;2;0-40;false;false;NA;8-40-0;5.96150e+03
Im005;3;8-3-0;8;0;16.00000;2.59233;-0.11158;2.74383;0.51298;0-3-0;20;20;0-3;false;false;7-3-0;9-3-0;4.41189e+03
Im005;3;8-6-0;8;0;16.00000;1.70884;-0.27847;4.16698;0.77554;6-6-0;8;8;0-6;false;false;7-6-0;9-6-0;4.38456e+03
Im005;3;8-13-0;8;0;16.00000;2.44129;0.25236;2.85372;0.85922;7-13-0;15;15;0-13;false;false;7-13-0;9-13-0;4.08643e+03
Im005;3;8-15-0;8;0;16.00000;2.47088;0.13821;2.47382;0.29185;4-15-0;5;5;0-15;false;false;7-15-0;NA;3.87963e+03
Im005;3;8-40-0;8;0;16.00000;2.65150;0.35074;3.28171;0.77661;7-40-0;2;2;0-40;false;false;7-40-0;NA;6.11513e+03
Im005;3;8-58-0;8;0;16.00000;2.99643;-3.97997e-02;3.68519;0.70168;8-58-0;2;2;0-58;false;false;NA;9-58-0;3.68767e+03
Im005;3;9-3-0;9;0;18.00000;2.62087;-0.10086;2.74383;0.48780;0-3-0;20;20;0-3;false;false;8-3-0;10-3-0;4.04178e+03
Im005;3;9-6-0;9;0;18.00000;1.76217;-0.35095;4.16698;0.77618;6-6-0;8;8;0-6;false;false;8-6-0;10-6-0;4.28571e+03
Im005;3;9-13-0;9;0;18.00000;2.40333;0.25268;2.85372;0.87785;7-13-0;15;15;0-13;false;false;8-13-0;10-13-0;3.83300e+03
Im005;3;9-58-0;9;0;18.00000;2.87957;-0.12510;3.68519;0.70644;8-58-0;2;2;0-58;false;false;8-58-0;NA;3.63156e+03
Im005;3;10-3-0;10;0;20.00000;2.60885;-0.10343;2.74383;0.49841;0-3-0;20;20;0-3;false;false;9-3-0;11-3-0;3.95689e+03
Im005;3;10-6-0;10;0;20.00000;1.76485;-0.36994;4.16698;0.77622;6-6-0;8;8;0-6;false;false;9-6-0;11-6-0;4.28357e+03
Im005;3;10-13-0;10;0;20.00000;2.40052;0.24871;2.85372;0.87924;7-13-0;15;15;0-13;false;false;9-13-0;11-13-0;4.18100e+03
Im005;3;10-15-0;10;0;20.00000;2.48018;7.92083e-02;2.47382;0.28308;10-15-0;5;5;0-15;false;false;NA;11-15-0;3.77113e+03
Im005;3;10-18-0;10;0;20.00000;0.31082;0.41861;2.33891;0.74631;10-18-0;1;1;0-18;false;false;NA;NA;4.43825e+03
Im005;3;10-52-0;10;0;20.00000;4.21307;5.61869e-02;4.27439;0.60192;10-52-0;2;2;0-52;false;false;NA;11-52-0;4.24150e+03
Im005;3;11-3-0;11;0;22.00000;2.62134;-0.12255;2.74383;0.48738;0-3-0;20;20;0-3;false;false;10-3-0;12-3-0;4.12822e+03
Im005;3;11-6-0;11;0;22.00000;1.85215;-0.36478;4.16698;0.77630;6-6-0;8;8;0-6;false;false;10-6-0;12-6-0;3.98738e+03
Im005;3;11-13-0;11;0;22.00000;2.41934;0.22436;2.85372;0.86997;7-13-0;15;15;0-13;false;false;10-13-0;12-13-0;4.01633e+03
Im005;3;11-15-0;11;0;22.00000;2.48693;9.72518e-02;2.47382;0.28308;10-15-0;5;5;0-15;false;false;10-15-0;12-15-0;3.88525e+03
Im005;3;11-45-0;11;0;22.00000;1.55156;0.27428;2.53437;0.87747;11-45-0;3;3;0-45;false;false;NA;12-45-0;3.33044e+03
Im005;3;11-52-0;11;0;22.00000;4.27816;-0.24402;4.27439;0.57198;10-52-0;2;2;0-52;false;false;10-52-0;NA;3.78438e+03
Im005;3;12-3-0;12;0;24.00000;2.62701;-0.13436;2.74383;0.48238;0-3-0;20;20;0-3;false;false;11-3-0;13-3-0;4.08611e+03
Im005;3;12-6-0;12;0;24.00000;1.82408;-0.33951;4.16698;0.77709;6-6-0;8;8;0-6;false;false;11-6-0;13-6-0;4.33975e+03
Im005;3;12-13-0;12;0;24.00000;2.41626;0.16449;2.85372;0.87148;7-13-0;15;15;0-13;false;false;11-13-0;13-13-0;3.82056e+03
Im005;3;12-15-0;12;0;24.00000;2.49200;0.10749;2.47382;0.28308;10-15-0;5;5;0-15;false;false;11-15-0;13-15-0;3.97550e+03
Im005;3;12-18-0;12;0;24.00000;0.35354;0.40738;2.33891;0.75571;12-18-0;1;1;0-18;false;false;NA;NA;4.46800e+03
Im005;3;13-3-0;13;0;26.00000;2.66039;-0.11589;2.74383;0.45294;0-3-0;20;20;0-3;false;false;12-3-0;14-3-0;4.02856e+03
Im005;3;13-6-0;13;0;26.00000;1.74972;-0.33234;4.16698;0.77603;6-6-0;8;8;0-6;false;false;12-6-0;NA;4.60814e+03
Im005;3;13-13-0;13;0;26.00000;2.41591;0.17228;2.85372;0.87166;7-13-0;15;15;0-13;false;false;12-13-0;14-13-0;4.28589e+03
Im005;3;13-15-0;13;0;26.00000;2.49580;0.11933;2.47382;0.28308;10-15-0;5;5;0-15;false;false;12-15-0;14-15-0;4.18988e+03
Im005;3;13-45-0;13;0;26.00000;1.67632;0.33688;2.53437;0.85986;11-45-0;3;3;0-45;false;false;12-45-0;NA;3.52222e+03
Im005;3;13-59-0;13;0;26.00000;1.67331;-0.46905;2.40424;0.88622;13-59-0;1;1;0-59;false;false;NA;NA;4.21811e+03
Im005;3;14-3-0;14;0;28.00000;2.65720;-9.30624e-02;2.74383;0.45575;0-3-0;20;20;0-3;false;false;13-3-0;15-3-0;3.86022e+03
Im005;3;14-13-0;14;0;28.00000;2.40651;7.11309e-02;2.85372;0.87628;7-13-0;15;15;0-13;false;false;13-13-0;15-13-0;4.08311e+03
Im005;3;14-15-0;14;0;28.00000;2.46497;5.64173e-02;2.47382;0.30949;10-15-0;5;5;0-15;false;false;13-15-0;NA;4.06300e+03
Im005;3;15-3-0;15;0;30.00000;2.63966;-0.10674;2.74383;0.47122;0-3-0;20;20;0-3;false;false;14-3-0;16-3-0;3.55378e+03
Im005;3;15-13-0;15;0;30.00000;2.52704;6.64166e-02;2.85372;0.81068;7-13-0;15;15;0-13;false;false;14-13-0;16-13-0;3.41078e+03
Im005;3;16-3-0;16;0;32.00000;2.60768;-0.14118;2.74383;0.49944;0-3-0;20;20;0-3;false;false;15-3-0;17-3-0;4.07556e+03
Im005;3;16-13-0;16;0;32.00000;2.54369;8.01821e-02;2.85372;0.80109;7-13-0;15;15;0-13;false;false;15-13-0;17-13-0;3.91967e+03
Im005;3;16-63-0;16;0;32.00000;1.83382;-0.17043;3.22035;1.01095;16-63-0;1;1;0-63;false;false;NA;NA;3.69933e+03
Im005;3;17-3-0;17;0;34.00000;2.66767;-0.22015;2.74383;0.44651;0-3-0;20;20;0-3;false;false;16-3-0;18-3-0;3.99844e+03
Im005;3;17-13-0;17;0;34.00000;2.55087;0.10916;2.85372;0.79696;7-13-0;15;15;0-13;false;false;16-13-0;18-13-0;4.33767e+03
Im005;3;18-3-0;18;0;36.00000;2.65063;-0.23075;2.74383;0.46155;0-3-0;20;20;0-3;false;false;17-3-0;19-3-0;3.91311e+03
Im005;3;18-12-0;18;0;36.00000;3.68027;-0.22027;4.49628;0.72876;18-12-0;2;2;0-12;false;false;NA;19-12-0;3.71933e+03
Im005;3;18-13-0;18;0;36.00000;2.59304;9.55424e-02;2.85372;0.75435;7-13-0;15;15;0-13;false;false;17-13-0;19-13-0;3.78511e+03
Im005;3;18-45-0;18;0;36.00000;7.29963e-02;7.55879e-02;2.53437;0.49367;18-45-0;1;1;0-45;false;false;NA;NA;3.49975e+03
Im005;3;19-3-0;19;0;38.00000;2.69050;-0.21797;2.74383;0.42619;0-3-0;20;20;0-3;false;false;18-3-0;NA;3.87344e+03
Im005;3;19-4-0;19;0;38.00000;2.44659;0.14564;6.02673;0.68330;19-4-0;1;1;0-4;false;false;NA;NA;3.87000e+03
Im005;3;19-12-0;19;0;38.00000;3.72083;-0.16208;4.49628;0.73126;18-12-0;2;2;0-12;false;false;18-12-0;NA;3.92456e+03
Im005;3;19-13-0;19;0;38.00000;2.66724;5.41031e-02;2.85372;0.67075;7-13-0;15;15;0-13;false;false;18-13-0;20-13-0;4.03756e+03
Im005;3;20-13-0;20;0;40.00000;2.65659;3.78802e-02;2.85372;0.68268;7-13-0;15;15;0-13;false;false;19-13-0;21-13-0;3.96222e+03
Im005;3;20-22-0;20;0;40.00000;2.32948;-0.38356;3.24252;0.76429;20-22-0;1;1;0-22;false;false;NA;NA;4.23986e+03
Im005;3;20-58-0;20;0;40.00000;2.68393;5.33492e-02;3.68519;0.71273;20-58-0;3;3;0-58;false;false;NA;21-58-0;3.77578e+03
Im005;3;21-13-0;21;0;42.00000;2.68433;2.45780e-02;2.85372;0.65124;7-13-0;15;15;0-13;false;false;20-13-0;NA;4.16611e+03
Im005;3;21-34-0;21;0;42.00000;3.16193;-4.17447e-02;3.33490;0.75495;21-34-0;3;3;0-34;false;false;NA;22-34-0;2.98100e+03
Im005;3;21-58-0;21;0;42.00000;2.66574;9.47306e-03;3.68519;0.71280;20-58-0;3;3;0-58;false;false;20-58-0;22-58-0;3.92922e+03
Im005;3;22-19-0;22;0;44.00000;2.64368;0.31328;3.51410;0.85710;22-19-0;1;1;0-19;false;false;NA;NA;3.69222e+03
Im005;3;22-34-0;22;0;44.00000;3.19780;-0.13834;3.33490;0.71374;21-34-0;3;3;0-34;false;false;21-34-0;23-34-0;3.03200e+03
Im005;3;22-58-0;22;0;44.00000;2.63927;-1.23785e-03;3.68519;0.71293;20-58-0;3;3;0-58;false;false;21-58-0;NA;3.51056e+03
Im005;3;23-13-0;23;0;46.00000;2.74602;2.08674e-02;2.85372;0.58080;23-13-0;9;9;0-13;false;false;NA;24-13-0;4.12522e+03
Im005;3;23-34-0;23;0;46.00000;3.02211;-0.15287;3.33490;0.85867;21-34-0;3;3;0-34;false;false;22-34-0;NA;2.94444e+03
Im005;3;24-13-0;24;0;48.00000;2.70147;7.41755e-04;2.85372;0.63166;23-13-0;9;9;0-13;false;false;23-13-0;25-13-0;4.01456e+03
Im005;3;25-3-0;25;0;50.00000;2.77213;-0.29044;2.74383;0.37060;25-3-0;1;1;0-3;false;false;NA;NA;4.12929e+03
Im005;3;25-13-0;25;0;50.00000;2.67785;5.58709e-04;2.85372;0.65865;23-13-0;9;9;0-13;false;false;24-13-0;26-13-0;3.96878e+03
Im005;3;26-13-0;26;0;52.00000;2.52480;8.87606e-02;2.85372;0.81198;23-13-0;9;9;0-13;false;false;25-13-0;27-13-0;4.16244e+03
Im005;3;26-59-0;26;0;52.00000;1.82604;-0.42134;2.40424;0.84115;26-59-0;1;1;0-59;false;false;NA;NA;4.01389e+03
Im005;3;27-13-0;27;0;54.00000;2.53213;9.11239e-02;2.85372;0.80775;23-13-0;9;9;0-13;false;false;26-13-0;28-13-0;4.16467e+03
Im005;3;27-40-0;27;0;54.00000;2.85416;0.32826;3.28171;0.74133;27-40-0;1;1;0-40;false;false;NA;NA;5.49375e+03
Im005;3;28-3-0;28;0;56.00000;2.77213;-0.29044;2.74383;0.37060;28-3-0;6;6;0-3;false;false;NA;29-3-0;3.82057e+03
Im005;3;28-13-0;28;0;56.00000;2.50200;7.69927e-02;2.85372;0.82515;23-13-0;9;9;0-13;false;false;27-13-0;29-13-0;4.15056e+03
Im005;3;29-3-0;29;0;58.00000;2.77213;-0.29044;2.74383;0.37060;28-3-0;6;6;0-3;false;false;28-3-0;30-3-0;3.78757e+03
Im005;3;29-13-0;29;0;58.00000;2.58939;7.25112e-02;2.85372;0.75849;23-13-0;9;9;0-13;false;false;28-13-0;30-13-0;4.17267e+03
Im005;3;30-3-0;30;0;60.00000;2.77213;-0.29044;2.74383;0.37060;28-3-0;6;6;0-3;false;false;29-3-0;31-3-0;3.92500e+03
Im005;3;30-13-0;30;0;60.00000;2.63821;4.54858e-02;2.85372;0.70332;23-13-0;9;9;0-13;false;false;29-13-0;31-13-0;4.09978e+03
Im005;3;31-3-0;31;0;62.00000;2.77213;-0.29044;2.74383;0.37060;28-3-0;6;6;0-3;false;false;30-3-0;32-3-0;3.89143e+03
Im005;3;31-13-0;31;0;62.00000;2.57897;1.66582e-04;2.85372;0.77032;23-13-0;9;9;0-13;false;false;30-13-0;NA;3.97956e+03
Im005;3;31-45-0;31;0;62.00000;1.13498;0.19155;2.53437;0.88441;31-45-0;4;4;0-45;false;false;NA;32-45-0;3.50144e+03
Im005;3;32-3-0;32;0;64.00000;2.84398;-0.15607;2.74383;0.37060;28-3-0;6;6;0-3;false;false;31-3-0;33-3-0;3.69971e+03
Im005;3;32-18-0;32;0;64.00000;0.19299;0.32247;2.33891;0.67386;32-18-0;5;5;0-18;false;false;NA;33-18-0;4.63014e+03
Im005;3;32-45-0;32;0;64.00000;1.45880;0.18734;2.53437;0.88750;31-45-0;4;4;0-45;false;false;31-45-0;33-45-0;3.32833e+03
Im005;3;33-3-0;33;0;66.00000;2.84398;-0.15607;2.74383;0.37060;28-3-0;6;6;0-3;false;false;32-3-0;NA;3.77600e+03
Im005;3;33-18-0;33;0;66.00000;0.19299;0.32247;2.33891;0.67386;32-18-0;5;5;0-18;false;false;32-18-0;34-18-0;4.78671e+03
Im005;3;33-45-0;33;0;66.00000;1.50329;0.17768;2.53437;0.88349;31-45-0;4;4;0-45;false;false;32-45-0;34-45-0;2.99544e+03
Im005;3;34-18-0;34;0;68.00000;0.19299;0.32247;2.33891;0.67386;32-18-0;5;5;0-18;false;false;33-18-0;35-18-0;4.51757e+03
Im005;3;34-45-0;34;0;68.00000;1.52241;0.17019;2.53437;0.88111;31-45-0;4;4;0-45;false;false;33-45-0;NA;3.23078e+03
Im005;3;35-18-0;35;0;70.00000;0.19299;0.32247;2.33891;0.67386;32-18-0;5;5;0-18;false;false;34-18-0;36-18-0;4.38786e+03
Im005;3;35-57-0;35;0;70.00000;0.75385;0.18774;2.28462;0.80872;35-57-0;1;1;0-57;false;false;NA;NA;3.49889e+03
Im005;3;36-18-0;36;0;72.00000;0.19299;0.32247;2.33891;0.67386;32-18-0;5;5;0-18;false;false;35-18-0;NA;4.76343e+03
Im005;3;36-48-0;36;0;72.00000;3.60053;-0.37884;3.84956;0.65440;36-48-0;1;1;0-48;false;false;NA;NA;3.68075e+03
Im005;3;37-3-0;37;0;74.00000;2.84398;-0.15607;2.74383;0.37060;37-3-0;2;2;0-3;false;false;NA;38-3-0;3.69943e+03
Im005;3;37-7-0;37;0;74.00000;0.58878;0.12757;2.46482;0.77355;37-7-0;9;9;0-7;false;false;NA;38-7-0;3.95211e+03
Im005;3;37-44-0;37;0;74.00000;2.11773;1.39354e-02;3.72469;0.95335;37-44-0;8;8;0-44;false;false;NA;38-44-0;3.78611e+03
Im005;3;38-3-0;38;0;76.00000;2.84398;-0.15607;2.74383;0.37060;37-3-0;2;2;0-3;false;false;37-3-0;NA;3.73257e+03
Im005;3;38-7-0;38;0;76.00000;0.61133;0.15139;2.46482;0.77926;37-7-0;9;9;0-7;false;false;37-7-0;39-7-0;3.97844e+03
Im005;3;38-13-0;38;0;76.00000;2.88316;-3.07491e-02;2.85372;0.21383;38-13-0;4;4;0-13;false;false;NA;39-13-0;3.94214e+03
Im005;3;38-44-0;38;0;76.00000;2.21093;-2.65659e-02;3.72469;0.97193;37-44-0;8;8;0-44;false;false;37-44-0;39-44-0;3.76778e+03
Im005;3;38-45-0;38;0;76.00000;1.61935;0.11809;2.53437;0.86820;38-45-0;1;1;0-45;false;false;NA;NA;3.19167e+03
Im005;3;38-48-0;38;0;76.00000;3.12895;0.10013;3.84956;0.85969;38-48-0;1;1;0-48;false;false;NA;NA;3.27744e+03
Im005;3;39-7-0;39;0;78.00000;0.62888;0.16230;2.46482;0.78371;37-7-0;9;9;0-7;false;false;38-7-0;40-7-0;3.66822e+03
Im005;3;39-13-0;39;0;78.00000;2.89403;-9.23006e-02;2.85372;0.21383;38-13-0;4;4;0-13;false;false;38-13-0;40-13-0;3.83514e+03
Im005;3;39-44-0;39;0;78.00000;2.19339;-5.42017e-02;3.72469;0.96823;37-44-0;8;8;0-44;false;false;38-44-0;40-44-0;3.59911e+03
Im005;3;40-3-0;40;0;80.00000;2.84398;-0.15607;2.74383;0.37060;40-3-0;4;4;0-3;false;false;NA;41-3-0;3.71514e+03
Im005;3;40-7-0;40;0;80.00000;0.66389;0.16434;2.46482;0.79257;37-7-0;9;9;0-7;false;false;39-7-0;41-7-0;3.72056e+03
Im005;3;40-13-0;40;0;80.00000;2.90323;-8.20007e-02;2.85372;0.21383;38-13-0;4;4;0-13;false;false;39-13-0;41-13-0;4.14629e+03
Im005;3;40-44-0;40;0;80.00000;2.16298;8.69160e-03;3.72469;0.96183;37-44-0;8;8;0-44;false;false;39-44-0;41-44-0;3.65456e+03
Im005;3;41-3-0;41;0;82.00000;2.84398;-0.15607;2.74383;0.37060;40-3-0;4;4;0-3;false;false;40-3-0;42-3-0;3.74429e+03
Im005;3;41-7-0;41;0;82.00000;0.69038;0.16288;2.46482;0.80202;37-7-0;9;9;0-7;false;false;40-7-0;42-7-0;3.65233e+03
Im005;3;41-13-0;41;0;82.00000;2.86057;-9.47201e-02;2.85372;0.21383;38-13-0;4;4;0-13;false;false;40-13-0;NA;3.74914e+03
Im005;3;41-19-0;41;0;82.00000;0.14203;0.20502;3.51410;0.60661;41-19-0;3;3;0-19;false;false;NA;42-19-0;3.49713e+03
Im005;3;41-44-0;41;0;82.00000;2.12802;-1.68617e-02;3.72469;0.95501;37-44-0;8;8;0-44;false;false;40-44-0;42-44-0;3.58289e+03
Im005;3;41-49-0;41;0;82.00000;0.61698;0.12457;2.54222;0.75552;41-49-0;5;5;0-49;false;false;NA;42-49-0;3.37878e+03
Im005;3;42-3-0;42;0;84.00000;2.84398;-0.15607;2.74383;0.37060;40-3-0;4;4;0-3;false;false;41-3-0;43-3-0;3.63871e+03
Im005;3;42-7-0;42;0;84.00000;0.69080;0.18211;2.46482;0.80217;37-7-0;9;9;0-7;false;false;41-7-0;43-7-0;3.54678e+03
Im005;3;42-19-0;42;0;84.00000;0.10662;0.18801;3.51410;0.57605;41-19-0;3;3;0-19;false;false;41-19-0;43-19-0;3.42350e+03
Im005;3;42-44-0;42;0;84.00000;2.14096;-7.34398e-02;3.72469;0.95721;37-44-0;8;8;0-44;false;false;41-44-0;43-44-0;3.90811e+03
Im005;3;42-49-0;42;0;84.00000;0.62867;0.11460;2.54222;0.75825;41-49-0;5;5;0-49;false;false;41-49-0;43-49-0;3.79222e+03
Im005;3;43-3-0;43;0;86.00000;2.84398;-0.15607;2.74383;0.37060;40-3-0;4;4;0-3;false;false;42-3-0;NA;3.73571e+03
Im005;3;43-7-0;43;0;86.00000;0.69707;0.17035;2.46482;0.80441;37-7-0;9;9;0-7;false;false;42-7-0;44-7-0;3.59867e+03
Im005;3;43-19-0;43;0;86.00000;9.91002e-02;0.10928;3.51410;0.56872;41-19-0;3;3;0-19;false;false;42-19-0;NA;3.58556e+03
Im005;3;43-44-0;43;0;86.00000;2.11983;-8.91611e-02;3.72469;0.95369;37-44-0;8;8;0-44;false;false;42-44-0;44-44-0;3.72200e+03
Im005;3;43-45-0;43;0;86.00000;2.54518;-3.42493e-02;2.53437;0.41399;43-45-0;1;1;0-45;false;false;NA;NA;3.34829e+03
Im005;3;43-49-0;43;0;86.00000;0.64370;0.14712;2.54222;0.76177;41-49-0;5;5;0-49;false;false;42-49-0;44-49-0;3.73900e+03
Im005;3;44-7-0;44;0;88.00000;0.67702;0.16201;2.46482;0.79724;37-7-0;9;9;0-7;false;false;43-7-0;45-7-0;3.58656e+03
Im005;3;44-12-0;44;0;88.00000;3.25743;0.36958;4.49628;0.64971;44-12-0;3;3;0-12;false;false;NA;45-12-0;3.67813e+03
Im005;3;44-44-0;44;0;88.00000;2.12635;-8.80843e-02;3.72469;0.95474;37-44-0;8;8;0-44;false;false;43-44-0;NA;3.88678e+03
Im005;3;44-49-0;44;0;88.00000;0.61030;4.05964e-02;2.54222;0.75396;41-49-0;5;5;0-49;false;false;43-49-0;45-49-0;3.96500e+03
Im005;3;45-3-0;45;0;90.00000;2.84398;-0.15607;2.74383;0.37060;45-3-0;3;3;0-3;false;false;NA;46-3-0;3.75914e+03
Im005;3;45-7-0;45;0;90.00000;0.69540;0.22041;2.46482;0.80381;37-7-0;9;9;0-7;false;false;44-7-0;NA;3.65744e+03
Im005;3;45-12-0;45;0;90.00000;3.33342;0.48254;4.49628;0.66441;44-12-0;3;3;0-12;false;false;44-12-0;46-12-0;3.77938e+03
Im005;3;45-49-0;45;0;90.00000;0.56881;-6.17228e-02;2.54222;0.74214;41-49-0;5;5;0-49;false;false;44-49-0;NA;4.10167e+03
Im005;3;45-50-0;45;0;90.00000;2.22782;0.16212;2.76664;0.73617;45-50-0;1;1;0-50;false;false;NA;NA;3.40456e+03
Im005;3;46-3-0;46;0;92.00000;2.84398;-0.15607;2.74383;0.37060;45-3-0;3;3;0-3;false;false;45-3-0;47-3-0;3.68043e+03
Im005;3;46-12-0;46;0;92.00000;3.25743;0.36958;4.49628;0.64971;44-12-0;3;3;0-12;false;false;45-12-0;NA;3.44813e+03
Im005;3;46-13-0;46;0;92.00000;2.71569;-0.25454;2.85372;0.61542;46-13-0;1;1;0-13;false;false;NA;NA;3.71044e+03
Im005;3;47-3-0;47;0;94.00000;2.84398;-0.15607;2.74383;0.37060;45-3-0;3;3;0-3;false;false;46-3-0;NA;3.67829e+03
Im005;3;47-39-0;47;0;94.00000;1.86302;0.27757;3.44138;1.13065;47-39-0;3;3;0-39;false;false;NA;48-39-0;4.90267e+03
Im005;3;47-61-0;47;0;94.00000;2.42102;-0.46052;2.94838;0.86061;47-61-0;1;1;0-61;false;false;NA;NA;3.56786e+03
Im005;3;48-39-0;48;0;96.00000;1.86553;0.28597;3.44138;1.12896;47-39-0;3;3;0-39;false;false;47-39-0;49-39-0;4.45856e+03
Im005;3;49-39-0;49;0;98.00000;1.88420;0.26430;3.44138;1.11638;47-39-0;3;3;0-39;false;false;48-39-0;NA;5.01378e+03
Im006;4;0-14-0;0;0;0.00000;1.08925;0.30554;2.41134;0.98050;0-14-0;10;10;0-14;false;false;NA;1-14-0;4.66378e+03
Im006;4;0-18-0;0;0;0.00000;0.70337;0.21259;2.94183;0.83075;0-18-0;7;7;0-18;false;false;NA;1-18-0;4.11600e+03
Im006;4;1-14-0;1;0;8.06900e+03;1.10094;0.28008;2.41134;0.98056;0-14-0;10;10;0-14;false;false;0-14-0;2-14-0;4.91022e+03
Im006;4;1-18-0;1;0;8.06900e+03;0.68541;0.20380;2.94183;0.82589;0-18-0;7;7;0-18;false;false;0-18-0;2-18-0;4.46256e+03
Im006;4;1-35-0;1;0;8.06900e+03;3.65413;0.12242;12.14267;0.96190;1-35-0;1;1;0-35;false;false;NA;NA;4.72033e+03
Im006;4;2-14-0;2;0;4.00000;1.11537;0.25259;2.41134;0.98034;0-14-0;10;10;0-14;false;false;1-14-0;3-14-0;4.68456e+03
Im006;4;2-18-0;2;0;4.00000;0.68875;0.21649;2.94183;0.82679;0-18-0;7;7;0-18;false;false;1-18-0;3-18-0;4.40622e+03
Im006;4;3-14-0;3;0;6.00000;1.09005;0.22973;2.41134;0.98062;0-14-0;10;10;0-14;false;false;2-14-0;4-14-0;4.87767e+03
Im006;4;3-18-0;3;0;6.00000;0.70755;0.22035;2.94183;0.83188;0-18-0;7;7;0-18;false;false;2-18-0;4-18-0;4.40222e+03
Im006;4;3-35-0;3;0;6.00000;3.35120;0.42915;12.14267;1.33008;3-35-0;2;2;0-35;false;false;NA;4-35-0;4.58078e+03
Im006;4;3-59-0;3;0;6.00000;2.01111;-0.47352;2.60665;0.85566;3-59-0;1;1;0-58;false;false;NA;NA;1.77986e+04
Im006;4;4-14-0;4;0;8.00000;1.06962;0.20669;2.41134;0.97756;0-14-0;10;10;0-14;false;false;3-14-0;5-14-0;4.75611e+03
Im006;4;4-18-0;4;0;8.00000;0.74523;0.21534;2.94183;0.83906;0-18-0;7;7;0-18;false;false;3-18-0;5-18-0;4.16533e+03
Im006;4;4-35-0;4;0;8.00000;3.56886;0.17253;12.14267;1.03999;3-35-0;2;2;0-35;false;false;3-35-0;NA;4.36956e+03
Im006;4;4-60-0;4;0;8.00000;2.31556;2.73067e-02;2.55888;0.72071;4-60-0;1;1;0-59;false;false;NA;NA;4.93489e+03
Im006;4;5-14-0;5;0;10.00000;1.09797;0.21904;2.41134;0.98061;0-14-0;10;10;0-14;false;false;4-14-0;6-14-0;4.61711e+03
Im006;4;5-18-0;5;0;10.00000;0.74398;0.21087;2.94183;0.83885;0-18-0;7;7;0-18;false;false;4-18-0;6-18-0;4.17767e+03
Im006;4;6-14-0;6;0;12.00000;1.14124;0.23178;2.41134;0.98009;0-14-0;10;10;0-14;false;false;5-14-0;7-14-0;5.20000e+03
Im006;4;6-18-0;6;0;12.00000;0.71808;0.18637;2.94183;0.83459;0-18-0;7;7;0-18;false;false;5-18-0;NA;4.34211e+03
Im006;4;7-14-0;7;0;14.00000;1.12947;0.21332;2.41134;0.98018;0-14-0;10;10;0-14;false;false;6-14-0;8-14-0;4.80911e+03
Im006;4;8-14-0;8;0;16.00000;1.17282;0.14346;2.41134;0.98003;0-14-0;10;10;0-14;false;false;7-14-0;9-14-0;4.71378e+03
Im006;4;8-63-0;8;0;16.00000;1.33562;-0.11499;2.36762;0.91464;8-63-0;2;2;0-62;false;false;NA;9-63-0;4.94889e+03
Im006;4;9-14-0;9;0;18.00000;1.19009;0.10760;2.41134;0.98011;0-14-0;10;10;0-14;false;false;8-14-0;NA;5.25300e+03
Im006;4;9-63-0;9;0;18.00000;1.48209;8.33738e-02;2.36762;0.93064;8-63-0;2;2;0-62;false;false;8-63-0;NA;4.46533e+03
Im006;4;10-46-0;10;0;20.00000;0.69247;-5.09609e-02;2.38499;0.86100;10-46-0;1;1;0-45;false;false;NA;NA;3.81767e+03
Im006;4;11-14-0;11;0;22.00000;1.19468;0.20868;2.41134;0.98015;11-14-0;1;1;0-14;false;false;NA;NA;4.99300e+03
Im006;4;11-18-0;11;0;22.00000;0.90658;0.27001;2.94183;0.86171;10-18-0;3;3;0-18;false;false;10-18-0;12-18-0;4.32633e+03
Im006;4;12-18-0;12;0;24.00000;0.91576;0.26827;2.94183;0.86277;10-18-0;3;3;0-18;false;false;11-18-0;NA;4.27433e+03
Im006;4;12-22-0;12;0;24.00000;1.19770;-0.49290;3.16178;0.88151;12-22-0;1;1;0-22;false;false;NA;NA;3.98188e+03
Im006;4;12-35-0;12;0;24.00000;6.99458;0.15288;12.14267;1.38187;12-35-0;1;1;0-35;false;false;NA;NA;4.18800e+03
Im006;4;12-35-1;12;1;24.00000;3.65799;0.10324;12.14267;0.95890;12-35-1;1;1;0-35;false;false;NA;NA;4.14711e+03
Im006;4;12-62-0;12;0;24.00000;0.45491;0.21149;2.82047;0.81333;12-62-0;2;2;0-61;false;false;NA;13-62-0;5.15167e+03
Im006;4;12-82-0;12;0;24.00000;1.63705;0.22100;3.18544;0.95032;12-82-0;1;1;0-81;false;false;NA;NA;4.67911e+03
Im006;4;13-14-0;13;0;26.00000;1.21361;0.22938;2.41134;0.98035;13-14-0;2;2;0-14;false;false;NA;14-14-0;4.43089e+03
Im006;4;13-62-0;13;0;26.00000;0.47746;0.20971;2.82047;0.81437;12-62-0;2;2;0-61;false;false;12-62-0;NA;4.96156e+03
Im006;4;14-14-0;14;0;28.00000;1.18181;0.24836;2.41134;0.98007;13-14-0;2;2;0-14;false;false;13-14-0;NA;4.70178e+03
Im006;4;14-18-0;14;0;28.00000;0.84759;0.29950;2.94183;0.85475;14-18-0;7;7;0-18;false;false;NA;15-18-0;4.04444e+03
Im006;4;14-52-0;14;0;28.00000;1.12049;-1.15275e-02;2.49472;0.80440;14-52-0;1;1;0-51;false;false;NA;NA;4.02589e+03
Im006;4;15-18-0;15;0;30.00000;0.87316;0.31316;2.94183;0.85788;14-18-0;7;7;0-18;false;false;14-18-0;16-18-0;4.31833e+03
Im006;4;15-62-0;15;0;30.00000;0.46911;3.23156e-02;2.82047;0.81399;15-62-0;2;2;0-61;false;false;NA;16-62-0;5.45867e+03
Im006;4;16-2-0;16;0;32.00000;1.97156;6.92783e-02;5.56729;0.81055;16-2-0;1;1;0-2;false;false;NA;NA;4.84333e+03
Im006;4;16-14-0;16;0;32.00000;1.06575;0.27277;2.41134;0.97698;16-14-0;1;1;0-14;false;false;NA;NA;4.41344e+03
Im006;4;16-18-0;16;0;32.00000;0.81913;0.30020;2.94183;0.85074;14-18-0;7;7;0-18;false;false;15-18-0;17-18-0;4.26422e+03
Im006;4;16-59-0;16;0;32.00000;1.89822;-0.47978;2.60665;0.89519;16-59-0;1;1;0-58;false;false;NA;NA;7.79878e+03
Im006;4;16-62-0;16;0;32.00000;0.45407;-3.82644e-03;2.82047;0.81329;15-62-0;2;2;0-61;false;false;15-62-0;NA;5.11000e+03
Im006;4;17-18-0;17;0;34.00000;0.75819;0.21994;2.94183;0.84119;14-18-0;7;7;0-18;false;false;16-18-0;18-18-0;3.98744e+03
Im006;4;18-18-0;18;0;36.00000;0.81036;0.24049;2.94183;0.84951;14-18-0;7;7;0-18;false;false;17-18-0;19-18-0;4.17556e+03
Im006;4;18-55-0;18;0;36.00000;1.35011;-0.13958;5.01670;1.05040;18-55-0;2;2;0-54;false;false;NA;19-55-0;4.22611e+03
Im006;4;18-70-0;18;0;36.00000;1.82166;0.51024;3.37679;0.86971;18-70-0;1;1;0-69;false;false;NA;NA;3.69614e+03
Im006;4;19-18-0;19;0;38.00000;0.78994;0.20117;2.94183;0.84641;14-18-0;7;7;0-18;false;false;18-18-0;20-18-0;4.09644e+03
Im006;4;19-35-0;19;0;38.00000;3.40393;0.17962;12.14267;1.24894;19-35-0;1;1;0-35;false;false;NA;NA;4.48693e+03
Im006;4;19-55-0;19;0;38.00000;1.34216;-9.66634e-02;5.01670;1.04878;18-55-0;2;2;0-54;false;false;18-55-0;NA;4.11144e+03
Im006;4;20-18-0;20;0;40.00000;0.77950;0.18786;2.94183;0.84469;14-18-0;7;7;0-18;false;false;19-18-0;NA;3.89156e+03
Im006;4;20-59-0;20;0;40.00000;1.80342;-0.48553;2.60665;0.92472;20-59-0;1;1;0-58;false;false;NA;NA;7.76538e+03
Im006;4;21-10-0;21;0;42.00000;1.43829;-3.92994e-02;2.25541;0.99308;21-10-0;1;1;0-10;false;false;NA;NA;4.39322e+03
Im006;4;21-14-0;21;0;42.00000;1.05919;0.26932;2.41134;0.97601;21-14-0;1;1;0-14;false;false;NA;NA;4.94311e+03
Im006;4;21-35-0;21;0;42.00000;3.20260;0.37644;12.14267;1.62139;21-35-0;1;1;0-35;false;false;NA;NA;4.43311e+03
Im006;4;21-60-0;21;0;42.00000;1.30754;-8.81546e-02;2.55888;0.83939;21-60-0;1;1;0-59;false;false;NA;NA;4.48267e+03
Im006;4;22-49-0;22;0;44.00000;2.36730;-0.13256;2.42658;0.49250;22-49-0;1;1;0-48;false;false;NA;NA;3.93000e+03
Im006;4;23-18-0;23;0;46.00000;0.86522;0.22158;2.94183;0.85697;23-18-0;11;11;0-18;false;false;NA;24-18-0;4.08433e+03
Im006;4;24-2-0;24;0;48.00000;3.13748;-9.00924e-02;5.56729;0.85483;24-2-0;3;3;0-2;false;false;NA;25-2-0;4.50700e+03
Im006;4;24-14-0;24;0;48.00000;1.07222;0.28499;2.41134;0.97794;24-14-0;4;4;0-14;false;false;NA;25-14-0;4.75433e+03
Im006;4;24-18-0;24;0;48.00000;0.87942;0.20121;2.94183;0.85860;23-18-0;11;11;0-18;false;false;23-18-0;25-18-0;4.01522e+03
Im006;4;24-20-0;24;0;48.00000;0.48939;-0.18312;2.70361;0.82950;24-20-0;1;1;0-20;false;false;NA;NA;4.13667e+03
Im006;4;25-2-0;25;0;50.00000;3.13101;-9.18018e-02;5.56729;0.85467;24-2-0;3;3;0-2;false;false;24-2-0;26-2-0;4.34444e+03
Im006;4;25-14-0;25;0;50.00000;1.11443;0.28825;2.41134;0.98035;24-14-0;4;4;0-14;false;false;24-14-0;26-14-0;4.77333e+03
Im006;4;25-18-0;25;0;50.00000;0.89613;0.25464;2.94183;0.86052;23-18-0;11;11;0-18;false;false;24-18-0;26-18-0;4.22789e+03
Im006;4;25-22-0;25;0;50.00000;1.46026;-0.41268;3.16178;0.88239;25-22-0;1;1;0-22;false;false;NA;NA;3.81514e+03
Im006;4;25-46-0;25;0;50.00000;0.43905;-7.52812e-02;2.38499;0.79528;25-46-0;1;1;0-45;false;false;NA;NA;3.60056e+03
Im006;4;26-2-0;26;0;52.00000;3.12884;-9.77805e-02;5.56729;0.85462;24-2-0;3;3;0-2;false;false;25-2-0;NA;4.17789e+03
Im006;4;26-14-0;26;0;52.00000;1.18915;0.20935;2.41134;0.98011;24-14-0;4;4;0-14;false;false;25-14-0;27-14-0;4.54833e+03
Im006;4;26-18-0;26;0;52.00000;0.84425;0.26611;2.94183;0.85428;23-18-0;11;11;0-18;false;false;25-18-0;27-18-0;4.31478e+03
Im006;4;26-20-0;26;0;52.00000;0.23860;-0.28314;2.70361;0.70735;26-20-0;1;1;0-20;false;false;NA;NA;4.16210e+03
Im006;4;26-35-0;26;0;52.00000;7.10476;-0.15884;12.14267;1.57718;26-35-0;1;1;0-35;false;false;NA;NA;3.94778e+03
Im006;4;26-45-0;26;0;52.00000;1.47048;-8.39162e-02;3.33282;0.72479;26-45-0;1;1;0-44;false;false;NA;NA;4.69133e+03
Im006;4;26-59-0;26;0;52.00000;1.76830;-0.50516;2.60665;0.93430;26-59-0;1;1;0-58;false;false;NA;NA;6.72488e+03
Im006;4;26-60-0;26;0;52.00000;2.21876;-0.12999;2.55888;0.77135;26-60-0;2;2;0-59;false;false;NA;27-60-0;4.05989e+03
Im006;4;26-61-0;26;0;52.00000;3.06590;-0.29608;3.58061;0.87874;26-61-0;1;1;0-60;false;false;NA;NA;4.79300e+03
Im006;4;27-14-0;27;0;54.00000;1.17247;0.19305;2.41134;0.98003;24-14-0;4;4;0-14;false;false;26-14-0;NA;4.56544e+03
Im006;4;27-18-0;27;0;54.00000;0.91451;0.17725;2.94183;0.86263;23-18-0;11;11;0-18;false;false;26-18-0;28-18-0;4.05411e+03
Im006;4;27-60-0;27;0;54.00000;2.23542;-0.12871;2.55888;0.76261;26-60-0;2;2;0-59;false;false;26-60-0;NA;4.21289e+03
Im006;4;28-18-0;28;0;56.00000;0.88026;0.14256;2.94183;0.85869;23-18-0;11;11;0-18;false;false;27-18-0;29-18-0;3.93289e+03
Im006;4;28-40-0;28;0;56.00000;2.45423;0.32870;3.83110;0.92600;28-40-0;1;1;0-40;false;false;NA;NA;3.89575e+03
Im006;4;28-49-0;28;0;56.00000;0.14347;-3.52357e-02;2.42658;0.69384;28-49-0;1;1;0-48;false;false;NA;NA;3.73556e+03
Im006;4;29-18-0;29;0;58.00000;0.80618;0.14991;2.94183;0.84892;23-18-0;11;11;0-18;false;false;28-18-0;30-18-0;4.14867e+03
Im006;4;29-35-0;29;0;58.00000;3.39305;0.33824;12.14267;1.26569;29-35-0;2;2;0-35;false;false;NA;30-35-0;4.31256e+03
Im006;4;29-59-0;29;0;58.00000;1.77212;-0.50250;2.60665;0.93325;29-59-0;3;3;0-58;false;false;NA;30-59-0;6.72638e+03
Im006;4;29-60-0;29;0;58.00000;1.98995;-3.21843e-02;2.55888;0.84136;29-60-0;2;2;0-59;false;false;NA;30-60-0;4.23733e+03
Im006;4;30-2-0;30;0;60.00000;0.19298;-0.18497;5.56729;0.47868;30-2-0;4;4;0-2;false;false;NA;31-2-0;4.06188e+03
Im006;4;30-18-0;30;0;60.00000;0.86063;0.22397;2.94183;0.85644;23-18-0;11;11;0-18;false;false;29-18-0;31-18-0;3.90478e+03
Im006;4;30-35-0;30;0;60.00000;3.37966;0.42246;12.14267;1.28629;29-35-0;2;2;0-35;false;false;29-35-0;NA;3.95011e+03
Im006;4;30-42-0;30;0;60.00000;1.43457;-0.55309;4.84375;1.01172;30-42-0;1;1;0-41;false;false;NA;NA;3.81013e+03
Im006;4;30-49-0;30;0;60.00000;0.13177;-0.12990;2.42658;0.68967;30-49-0;2;2;0-48;false;false;NA;31-49-0;3.66111e+03
Im006;4;30-52-0;30;0;60.00000;0.55322;-0.16901;2.49472;0.73355;30-52-0;1;1;0-51;false;false;NA;NA;3.44822e+03
Im006;4;30-55-0;30;0;60.00000;1.08163;1.37798e-02;5.01670;0.98357;30-55-0;1;1;0-54;false;false;NA;NA;4.14322e+03
Im006;4;30-59-0;30;0;60.00000;1.77212;-0.50250;2.60665;0.93325;29-59-0;3;3;0-58;false;false;29-59-0;31-59-0;5.68238e+03
Im006;4;30-60-0;30;0;60.00000;1.99329;-5.29362e-02;2.55888;0.84093;29-60-0;2;2;0-59;false;false;29-60-0;NA;3.75556e+03
Im006;4;30-60-1;30;1;60.00000;0.27055;4.31713e-02;2.55888;0.74111;30-60-1;1;1;0-59;false;false;NA;NA;3.87733e+03
Im006;4;31-2-0;31;0;62.00000;0.23872;-0.24917;5.56729;0.50528;30-2-0;4;4;0-2;false;false;30-2-0;32-2-0;3.84375e+03
Im006;4;31-18-0;31;0;62.00000;0.86021;0.24814;2.94183;0.85639;23-18-0;11;11;0-18;false;false;30-18-0;32-18-0;4.11389e+03
Im006;4;31-49-0;31;0;62.00000;0.17189;-0.15202;2.42658;0.70396;30-49-0;2;2;0-48;false;false;30-49-0;NA;4.30056e+03
Im006;4;31-59-0;31;0;62.00000;1.77212;-0.50250;2.60665;0.93325;29-59-0;3;3;0-58;false;false;30-59-0;NA;6.66950e+03
Im006;4;32-2-0;32;0;64.00000;0.24759;-0.20819;5.56729;0.51046;30-2-0;4;4;0-2;false;false;31-2-0;33-2-0;3.88725e+03
Im006;4;32-18-0;32;0;64.00000;0.88277;0.18106;2.94183;0.85898;23-18-0;11;11;0-18;false;false;31-18-0;33-18-0;3.92211e+03
Im006;4;32-62-0;32;0;64.00000;0.27259;0.12917;2.82047;0.76663;32-62-0;6;6;0-61;false;false;NA;33-62-0;4.33656e+03
Im006;4;33-2-0;33;0;66.00000;0.24444;-0.17371;5.56729;0.50862;30-2-0;4;4;0-2;false;false;32-2-0;NA;4.19875e+03
Im006;4;33-18-0;33;0;66.00000;0.77490;0.18471;2.94183;0.84394;23-18-0;11;11;0-18;false;false;32-18-0;NA;4.11956e+03
Im006;4;33-49-0;33;0;66.00000;5.54759e-02;-1.89430e-02;2.42658;0.58451;33-49-0;3;3;0-48;false;false;NA;34-49-0;3.96244e+03
Im006;4;33-55-0;33;0;66.00000;2.91755;6.79540e-03;5.01670;0.92068;33-55-0;1;1;0-54;false;false;NA;NA;4.09944e+03
Im006;4;33-60-0;33;0;66.00000;0.73138;1.15932e-03;2.55888;0.80802;33-60-0;1;1;0-59;false;false;NA;NA;3.83211e+03
Im006;4;33-62-0;33;0;66.00000;0.25338;0.15211;2.82047;0.76166;32-62-0;6;6;0-61;false;false;32-62-0;34-62-0;4.33267e+03
Im006;4;34-2-0;34;0;68.00000;3.76388;0.40003;5.56729;0.85413;34-2-0;1;1;0-2;false;false;NA;NA;4.50022e+03
Im006;4;34-35-0;34;0;68.00000;2.98450;0.46538;12.14267;1.94280;34-35-0;1;1;0-35;false;false;NA;NA;3.91333e+03
Im006;4;34-49-0;34;0;68.00000;7.66544e-02;-8.14628e-02;2.42658;0.63557;33-49-0;3;3;0-48;false;false;33-49-0;35-49-0;3.83511e+03
Im006;4;34-62-0;34;0;68.00000;0.26591;0.10357;2.82047;0.76490;32-62-0;6;6;0-61;false;false;33-62-0;35-62-0;4.58778e+03
Im006;4;34-64-0;34;0;68.00000;6.38893e-02;0.31213;3.50577;0.59862;34-64-0;2;2;0-63;false;false;NA;35-64-0;5.84071e+03
Im006;4;35-49-0;35;0;70.00000;0.11923;-0.14636;2.42658;0.68521;33-49-0;3;3;0-48;false;false;34-49-0;NA;3.77922e+03
Im006;4;35-62-0;35;0;70.00000;0.27594;0.17499;2.82047;0.76749;32-62-0;6;6;0-61;false;false;34-62-0;36-62-0;4.28167e+03
Im006;4;35-63-0;35;0;70.00000;1.88801;-3.01295e-02;2.36762;0.91169;35-63-0;1;1;0-62;false;false;NA;NA;3.99167e+03
Im006;4;35-64-0;35;0;70.00000;6.38893e-02;0.31213;3.50577;0.59862;34-64-0;2;2;0-63;false;false;34-64-0;NA;6.84386e+03
Im006;4;36-49-0;36;0;72.00000;0.55137;-0.31094;2.42658;0.82138;36-49-0;1;1;0-48;false;false;NA;NA;4.05944e+03
Im006;4;36-62-0;36;0;72.00000;0.26925;0.22236;2.82047;0.76576;32-62-0;6;6;0-61;false;false;35-62-0;37-62-0;4.18711e+03
Im006;4;37-35-0;37;0;74.00000;3.24926;1.85720e-02;12.14267;1.52262;37-35-0;1;1;0-35;false;false;NA;NA;3.96822e+03
Im006;4;37-40-0;37;0;74.00000;2.96881;-0.33199;3.83110;0.93339;37-40-0;1;1;0-40;false;false;NA;NA;4.03956e+03
Im006;4;37-62-0;37;0;74.00000;0.30183;0.23646;2.82047;0.77419;32-62-0;6;6;0-61;false;false;36-62-0;NA;4.01267e+03
Im006;4;37-63-0;37;0;74.00000;1.33730;-0.37454;2.36762;0.91483;37-63-0;1;1;0-62;false;false;NA;NA;4.11338e+03
Im006;4;38-2-0;38;0;76.00000;3.85819;0.45211;5.56729;0.84431;38-2-0;7;7;0-2;false;false;NA;39-2-0;4.91450e+03
Im006;4;38-35-0;38;0;76.00000;3.35581;0.54095;12.14267;1.32300;38-35-0;1;1;0-35;false;false;NA;NA;3.79078e+03
Im006;4;38-49-0;38;0;76.00000;1.17738;-0.32078;2.42658;0.84737;38-49-0;1;1;0-48;false;false;NA;NA;4.00800e+03
Im006;4;38-64-0;38;0;76.00000;6.38893e-02;0.31213;3.50577;0.59862;38-64-0;1;1;0-63;false;false;NA;NA;6.30243e+03
Im006;4;39-2-0;39;0;78.00000;3.85433;0.43812;5.56729;0.84495;38-2-0;7;7;0-2;false;false;38-2-0;40-2-0;5.31738e+03
Im006;4;40-2-0;40;0;80.00000;3.81742;0.35544;5.56729;0.85048;38-2-0;7;7;0-2;false;false;39-2-0;41-2-0;4.70378e+03
Im006;4;40-35-0;40;0;80.00000;1.49326;0.36533;12.14267;1.43747;40-35-0;1;1;0-35;false;false;NA;NA;3.81678e+03
Im006;4;40-64-0;40;0;80.00000;6.38893e-02;0.31213;3.50577;0.59862;40-64-0;1;1;0-63;false;false;NA;NA;6.91971e+03
Im006;4;41-2-0;41;0;82.00000;3.85060;0.41297;5.56729;0.84556;38-2-0;7;7;0-2;false;false;40-2-0;42-2-0;4.78625e+03
Im006;4;41-22-0;41;0;82.00000;0.47454;-0.36133;3.16178;0.75724;41-22-0;4;4;0-22;false;false;NA;42-22-0;4.29686e+03
Im006;4;41-40-0;41;0;82.00000;0.99736;0.18399;3.83110;0.88221;41-40-0;2;2;0-40;false;false;NA;42-41-0;3.75133e+03
Im006;4;42-2-0;42;0;84.00000;3.88049;0.35155;5.56729;0.84073;38-2-0;7;7;0-2;false;false;41-2-0;43-2-0;4.32522e+03
Im006;4;42-22-0;42;0;84.00000;0.47799;-0.35906;3.16178;0.75824;41-22-0;4;4;0-22;false;false;41-22-0;43-22-0;4.49486e+03
Im006;4;42-41-0;42;0;84.00000;0.99757;0.17395;3.83110;0.88219;41-40-0;2;2;0-40;false;false;41-40-0;NA;3.87600e+03
Im006;4;43-2-0;43;0;86.00000;3.88777;0.35234;5.56729;0.83959;38-2-0;7;7;0-2;false;false;42-2-0;44-2-0;4.82144e+03
Im006;4;43-22-0;43;0;86.00000;0.47962;-0.36531;3.16178;0.75872;41-22-0;4;4;0-22;false;false;42-22-0;44-22-0;4.25257e+03
Im006;4;43-49-0;43;0;86.00000;0.48898;-0.22924;2.42658;0.81085;43-49-0;2;2;0-48;false;false;NA;44-49-0;4.14511e+03
Im006;4;43-55-0;43;0;86.00000;3.73841;6.81100e-02;5.01670;0.97576;43-55-0;1;1;0-54;false;false;NA;NA;4.32711e+03
Im006;4;44-2-0;44;0;88.00000;3.85885;0.34445;5.56729;0.84421;38-2-0;7;7;0-2;false;false;43-2-0;NA;4.56400e+03
Im006;4;44-22-0;44;0;88.00000;0.48394;-0.36262;3.16178;0.76001;41-22-0;4;4;0-22;false;false;43-22-0;NA;4.58043e+03
Im006;4;44-23-0;44;0;88.00000;1.14570;-0.14988;2.29876;0.82996;44-23-0;1;1;0-23;false;false;NA;NA;3.66622e+03
Im006;4;44-49-0;44;0;88.00000;0.59054;3.81837e-02;2.42658;0.82800;43-49-0;2;2;0-48;false;false;43-49-0;NA;4.30200e+03
Im006;4;44-57-0;44;0;88.00000;0.87781;-3.95578e-02;4.21339;0.80254;44-57-0;1;1;0-56;false;false;NA;NA;3.69089e+03
Im006;4;44-64-0;44;0;88.00000;6.38893e-02;0.31213;3.50577;0.59862;44-64-0;2;2;0-63;false;false;NA;45-64-0;6.42786e+03
Im006;4;45-40-0;45;0;90.00000;2.25350;0.30964;3.83110;0.88855;45-40-0;1;1;0-40;false;false;NA;NA;4.13222e+03
Im006;4;45-64-0;45;0;90.00000;6.38893e-02;0.31213;3.50577;0.59862;44-64-0;2;2;0-63;false;false;44-64-0;NA;6.23457e+03
Im006;4;46-36-0;46;0;92.00000;1.13172;0.31737;2.32258;0.84177;46-36-0;1;1;0-36;false;false;NA;NA;3.29775e+03
Im006;4;46-59-0;46;0;92.00000;1.77212;-0.50250;2.60665;0.93325;46-59-0;1;1;0-58;false;false;NA;NA;5.36888e+03
Im006;4;47-40-0;47;0;94.00000;0.87387;6.54147e-02;3.83110;0.88397;47-40-0;2;2;0-40;false;false;NA;48-40-0;3.88711e+03
Im006;4;47-40-1;47;1;94.00000;2.65670;0.35901;3.83110;0.94835;47-40-1;1;1;0-40;false;false;NA;NA;3.87611e+03
Im006;4;47-42-0;47;0;94.00000;3.00735;0.31895;4.84375;0.80486;47-42-0;2;2;0-41;false;false;NA;48-42-0;4.37663e+03
Im006;4;48-15-0;48;0;96.00000;1.94683;-0.34060;3.33590;0.82842;48-15-0;1;1;0-15;false;false;NA;NA;3.69844e+03
Im006;4;48-40-0;48;0;96.00000;0.86984;9.79025e-02;3.83110;0.88388;47-40-0;2;2;0-40;false;false;47-40-0;NA;3.84678e+03
Im006;4;48-42-0;48;0;96.00000;2.93930;0.29611;4.84375;0.79989;47-42-0;2;2;0-41;false;false;47-42-0;NA;4.15063e+03
Im006;4;48-63-0;48;0;96.00000;2.02157;6.96893e-02;2.36762;0.85444;48-63-0;2;2;0-62;false;false;NA;49-63-0;4.12100e+03
Im006;4;48-64-0;48;0;96.00000;-1.15701e-03;0.24204;3.50577;0.56184;48-64-0;2;2;0-63;false;false;NA;49-64-0;6.66429e+03
Im006;4;49-11-0;49;0;98.00000;0.78601;-0.47238;2.46407;0.92007;49-11-0;1;1;0-11;false;false;NA;NA;3.32622e+03
Im006;4;49-35-0;49;0;98.00000;5.94015;-1.64740e-02;12.14267;0.72585;49-35-0;1;1;0-35;false;false;NA;NA;4.14078e+03
Im006;4;49-63-0;49;0;98.00000;1.86649;2.06503e-02;2.36762;0.91767;48-63-0;2;2;0-62;false;false;48-63-0;NA;3.72267e+03
Im006;4;49-64-0;49;0;98.00000;6.38893e-02;0.31213;3.50577;0.59862;48-64-0;2;2;0-63;false;false;48-64-0;NA;6.55086e+03
Im006;4;49-69-0;49;0;98.00000;1.44141;2.81495e-02;2.32637;0.87964;49-69-0;1;1;0-68;false;false;NA;NA;3.22678e+03
Im007;5;0-32-0;0;0;0.00000;0.34210;0.94232;4.19854;1.66696;0-32-0;2;2;0-32;false;false;NA;1-32-0;3.75288e+03
Im007;5;0-54-0;0;0;0.00000;1.62807;0.43528;2.70335;1.05113;0-54-0;5;5;0-54;false;false;NA;1-55-0;3.66144e+03
Im007;5;1-29-0;1;0;8.11100e+03;3.90125;0.26860;5.85931;0.95026;1-29-0;1;1;0-29;false;false;NA;NA;4.14000e+03
Im007;5;1-32-0;1;0;8.11100e+03;0.34210;0.94232;4.19854;1.66696;0-32-0;2;2;0-32;false;false;0-32-0;NA;3.72738e+03
Im007;5;1-55-0;1;0;8.11100e+03;1.70059;0.41129;2.70335;1.04518;0-54-0;5;5;0-54;false;false;0-54-0;2-55-0;3.82411e+03
Im007;5;2-55-0;2;0;4.00000;1.69845;0.39423;2.70335;1.04552;0-54-0;5;5;0-54;false;false;1-55-0;3-55-0;3.79411e+03
Im007;5;3-55-0;3;0;6.00000;1.72296;0.38710;2.70335;1.04167;0-54-0;5;5;0-54;false;false;2-55-0;4-55-0;3.93678e+03
Im007;5;3-60-0;3;0;6.00000;2.36867;-0.21700;3.00769;0.89419;3-60-0;2;2;0-59;false;false;NA;4-60-0;5.56411e+03
Im007;5;4-55-0;4;0;8.00000;1.74545;0.37603;2.70335;1.03822;0-54-0;5;5;0-54;false;false;3-55-0;NA;3.68133e+03
Im007;5;4-60-0;4;0;8.00000;2.17498;-0.23739;3.00769;0.93375;3-60-0;2;2;0-59;false;false;3-60-0;NA;4.67222e+03
Im007;5;5-60-0;5;0;10.00000;1.03918;0.34084;3.00769;0.93871;5-60-0;2;2;0-59;false;false;NA;6-60-0;4.89544e+03
Im007;5;6-55-0;6;0;12.00000;1.72135;0.40440;2.70335;1.04192;6-55-0;3;3;0-54;false;false;NA;7-55-0;3.60033e+03
Im007;5;6-60-0;6;0;12.00000;0.89701;-4.95181e-02;3.00769;0.91346;5-60-0;2;2;0-59;false;false;5-60-0;NA;5.42600e+03
Im007;5;7-55-0;7;0;14.00000;1.72222;0.44967;2.70335;1.04178;6-55-0;3;3;0-54;false;false;6-55-0;8-55-0;3.84388e+03
Im007;5;8-55-0;8;0;16.00000;1.71833;0.46343;2.70335;1.04239;6-55-0;3;3;0-54;false;false;7-55-0;NA;3.51388e+03
Im007;5;10-45-0;10;0;20.00000;0.39609;-9.83927e-02;3.33717;0.85837;10-45-0;1;1;0-45;false;false;NA;NA;4.05144e+03
Im007;5;11-29-0;11;0;22.00000;2.26322;0.21704;5.85931;0.89474;11-29-0;1;1;0-29;false;false;NA;NA;4.33433e+03
Im007;5;11-45-0;11;0;22.00000;3.59840;-0.20752;4.48273;1.91678;11-45-0;1;1;11-45;false;false;NA;NA;4.51267e+03
Im007;5;12-45-0;12;0;24.00000;3.62680;-0.15567;4.48273;1.91559;12-45-0;1;1;12-45;false;false;NA;NA;4.36511e+03
Im007;5;13-35-0;13;0;26.00000;-5.93337e-02;0.19915;2.53374;0.28159;13-35-0;1;1;0-35;false;false;NA;NA;3.57738e+03
Im007;5;15-41-0;15;0;30.00000;0.35851;0.32718;2.38590;0.82749;15-41-0;3;3;0-41;false;false;NA;16-41-0;4.47244e+03
Im007;5;16-41-0;16;0;32.00000;0.47150;0.30519;2.38590;0.84645;15-41-0;3;3;0-41;false;false;15-41-0;17-41-0;4.24289e+03
Im007;5;16-45-0;16;0;32.00000;3.53740;-0.23519;4.48273;1.91843;16-45-0;1;1;16-45;false;false;NA;NA;4.39244e+03
Im007;5;17-41-0;17;0;34.00000;0.72128;0.15166;2.38590;0.84619;15-41-0;3;3;0-41;false;false;16-41-0;NA;4.57656e+03
Im007;5;17-45-0;17;0;34.00000;3.54829;-0.26135;4.48273;1.91888;17-45-0;1;1;17-45;false;false;NA;NA;4.66656e+03
Im007;5;17-55-0;17;0;34.00000;1.86403;0.44770;2.70335;1.01461;17-55-0;1;1;0-54;false;false;NA;NA;3.43750e+03
Im007;5;18-41-0;18;0;36.00000;1.39284;0.23391;2.38590;0.81842;18-41-0;1;1;0-41;false;false;NA;NA;4.40011e+03
Im007;5;19-55-0;19;0;38.00000;1.89342;0.45234;2.70335;1.00786;19-55-0;1;1;0-54;false;false;NA;NA;3.66813e+03
Im007;5;20-40-0;20;0;40.00000;0.36357;0.29627;3.26470;0.98527;20-40-0;13;13;0-40;false;false;NA;21-40-0;4.08611e+03
Im007;5;20-45-0;20;0;40.00000;0.96123;0.43802;4.48273;1.50965;20-45-0;1;1;20-45;false;false;NA;NA;4.37278e+03
Im007;5;21-40-0;21;0;42.00000;0.34231;0.29853;3.26470;0.97607;20-40-0;13;13;0-40;false;false;20-40-0;22-40-0;4.05789e+03
Im007;5;21-55-0;21;0;42.00000;1.91485;0.38961;2.70335;1.00218;21-55-0;6;6;0-54;false;false;NA;22-55-0;3.49111e+03
Im007;5;21-60-0;21;0;42.00000;0.15922;0.24751;3.00769;0.55560;21-60-0;4;4;0-59;false;false;NA;22-60-0;4.91713e+03
Im007;5;22-32-0;22;0;44.00000;0.34210;0.94232;4.19854;1.66696;22-32-0;1;1;0-32;false;false;NA;NA;3.45150e+03
Im007;5;22-40-0;22;0;44.00000;0.33972;0.29101;3.26470;0.97500;20-40-0;13;13;0-40;false;false;21-40-0;23-40-0;4.31389e+03
Im007;5;22-49-0;22;0;44.00000;0.92427;0.29280;2.84404;0.82951;22-49-0;1;1;0-48;false;false;NA;NA;4.35500e+03
Im007;5;22-55-0;22;0;44.00000;1.90731;0.41985;2.70335;1.00418;21-55-0;6;6;0-54;false;false;21-55-0;23-55-0;3.69400e+03
Im007;5;22-60-0;22;0;44.00000;0.12008;0.17524;3.00769;0.52561;21-60-0;4;4;0-59;false;false;21-60-0;23-60-0;5.03389e+03
Im007;5;23-40-0;23;0;46.00000;0.36106;0.27174;3.26470;0.98410;20-40-0;13;13;0-40;false;false;22-40-0;24-40-0;3.90156e+03
Im007;5;23-55-0;23;0;46.00000;1.90600;0.39837;2.70335;1.00453;21-55-0;6;6;0-54;false;false;22-55-0;24-55-0;3.58788e+03
Im007;5;23-60-0;23;0;46.00000;0.17248;0.24897;3.00769;0.56156;21-60-0;4;4;0-59;false;false;22-60-0;24-60-0;4.75788e+03
Im007;5;24-40-0;24;0;48.00000;0.35856;0.24848;3.26470;0.98292;20-40-0;13;13;0-40;false;false;23-40-0;25-40-0;4.04111e+03
Im007;5;24-55-0;24;0;48.00000;1.87486;0.41017;2.70335;1.01211;21-55-0;6;6;0-54;false;false;23-55-0;25-55-0;3.67850e+03
Im007;5;24-60-0;24;0;48.00000;0.19583;0.23650;3.00769;0.57209;21-60-0;4;4;0-59;false;false;23-60-0;NA;4.74000e+03
Im007;5;25-40-0;25;0;50.00000;0.30181;0.30124;3.26470;0.95946;20-40-0;13;13;0-40;false;false;24-40-0;26-40-0;3.83878e+03
Im007;5;25-55-0;25;0;50.00000;1.88048;0.39210;2.70335;1.01082;21-55-0;6;6;0-54;false;false;24-55-0;26-55-0;3.57267e+03
Im007;5;26-40-0;26;0;52.00000;0.32318;0.23077;3.26470;0.96822;20-40-0;13;13;0-40;false;false;25-40-0;27-40-0;3.87400e+03
Im007;5;26-55-0;26;0;52.00000;1.87524;0.43512;2.70335;1.01202;21-55-0;6;6;0-54;false;false;25-55-0;NA;3.55825e+03
Im007;5;27-31-0;27;0;54.00000;2.50153;0.22099;4.20976;0.81622;27-31-0;1;1;0-31;false;false;NA;NA;3.97289e+03
Im007;5;27-40-0;27;0;54.00000;0.28099;0.21183;3.26470;0.95093;20-40-0;13;13;0-40;false;false;26-40-0;28-40-0;4.07333e+03
Im007;5;28-24-0;28;0;56.00000;5.61153;0.10230;5.59850;0.32472;28-24-0;1;1;0-24;false;false;NA;NA;3.77975e+03
Im007;5;28-28-0;28;0;56.00000;1.80111;0.18562;3.48165;0.90933;28-28-0;1;1;0-28;false;false;NA;NA;4.83244e+03
Im007;5;28-40-0;28;0;56.00000;0.23736;0.22551;3.26470;0.92935;20-40-0;13;13;0-40;false;false;27-40-0;29-40-0;3.95089e+03
Im007;5;29-40-0;29;0;58.00000;0.24404;0.22545;3.26470;0.93432;20-40-0;13;13;0-40;false;false;28-40-0;30-40-0;3.94867e+03
Im007;5;30-28-0;30;0;60.00000;1.69175;1.82415e-02;3.48165;0.91953;30-28-0;3;3;0-28;false;false;NA;31-28-0;4.71067e+03
Im007;5;30-32-0;30;0;60.00000;0.34210;0.94232;4.19854;1.66696;30-32-0;1;1;0-32;false;false;NA;NA;3.49413e+03
Im007;5;30-40-0;30;0;60.00000;0.23903;0.23953;3.26470;0.93059;20-40-0;13;13;0-40;false;false;29-40-0;31-40-0;3.96922e+03
Im007;5;30-60-0;30;0;60.00000;2.23316;-0.42693;3.00769;0.92488;30-60-0;1;1;0-59;false;false;NA;NA;4.70863e+03
Im007;5;31-28-0;31;0;62.00000;1.69584;1.67205e-02;3.48165;0.91913;30-28-0;3;3;0-28;false;false;30-28-0;32-28-0;4.64244e+03
Im007;5;31-40-0;31;0;62.00000;0.26351;0.25484;3.26470;0.94378;20-40-0;13;13;0-40;false;false;30-40-0;32-40-0;4.11822e+03
Im007;5;32-28-0;32;0;64.00000;1.67373;-8.20245e-03;3.48165;0.92126;30-28-0;3;3;0-28;false;false;31-28-0;NA;4.53633e+03
Im007;5;32-40-0;32;0;64.00000;0.26607;0.24716;3.26470;0.94483;20-40-0;13;13;0-40;false;false;31-40-0;NA;3.98300e+03
Im007;5;34-34-0;34;0;68.00000;0.57489;-6.50857e-02;2.41568;0.77807;34-34-0;1;1;0-34;false;false;NA;NA;3.96289e+03
Im007;5;34-55-0;34;0;68.00000;1.93972;0.28966;2.70335;0.99560;34-55-0;1;1;0-54;false;false;NA;NA;3.60456e+03
Im007;5;34-57-0;34;0;68.00000;2.64064;0.12177;3.50399;0.97099;34-57-0;1;1;0-56;false;false;NA;NA;4.02278e+03
Im007;5;35-52-0;35;0;70.00000;0.27560;-0.41955;4.58979;0.73654;35-52-0;1;1;0-51;false;false;NA;NA;4.23678e+03
Im007;5;36-28-0;36;0;72.00000;2.92179;4.37632e-02;3.48165;0.76067;36-28-0;1;1;0-28;false;false;NA;NA;4.46122e+03
Im007;5;36-60-0;36;0;72.00000;1.70804;6.36043e-02;3.00769;0.96009;36-60-0;1;1;0-59;false;false;NA;NA;6.08144e+03
Im007;5;37-21-0;37;0;74.00000;1.63456;6.90878e-03;3.25780;0.96977;37-21-0;2;2;0-21;false;false;NA;38-21-0;4.28256e+03
Im007;5;37-28-0;37;0;74.00000;2.30775;-0.36190;3.48165;0.85972;37-28-0;1;1;0-28;false;false;NA;NA;4.45113e+03
Im007;5;37-32-0;37;0;74.00000;0.34210;0.94232;4.19854;1.66696;37-32-0;1;1;0-32;false;false;NA;NA;3.37638e+03
Im007;5;38-21-0;38;0;76.00000;1.61204;-1.42472e-02;3.25780;0.96916;37-21-0;2;2;0-21;false;false;37-21-0;NA;4.47233e+03
Im007;5;39-45-0;39;0;78.00000;0.29838;2.59592e-02;3.33717;0.81533;39-45-0;1;1;0-45;false;false;NA;NA;3.82011e+03
Im007;5;41-7-0;41;0;82.00000;3.19762;1.95185e-03;3.27025;0.67164;41-7-0;1;1;0-7;false;false;NA;NA;3.46133e+03
Im007;5;42-40-0;42;0;84.00000;1.17643;-4.88624e-02;3.26470;0.99052;42-40-0;1;1;0-40;false;false;NA;NA;3.84567e+03
Im007;5;42-55-0;42;0;84.00000;1.93249;9.37482e-02;2.70335;0.99751;42-55-0;2;2;0-54;false;false;NA;43-55-0;3.26544e+03
Im007;5;43-3-0;43;0;86.00000;1.00868;-4.54448e-02;3.00668;0.77497;43-3-0;1;1;0-3;false;false;NA;NA;4.48378e+03
Im007;5;43-38-0;43;0;86.00000;1.33883;-8.75301e-02;3.43378;0.77090;43-38-0;1;1;0-38;false;false;NA;NA;3.91700e+03
Im007;5;43-55-0;43;0;86.00000;1.90287;6.64357e-02;2.70335;1.00537;42-55-0;2;2;0-54;false;false;42-55-0;NA;3.26300e+03
Im007;5;44-40-0;44;0;88.00000;0.27154;0.10116;3.26470;0.94706;44-40-0;2;2;0-40;false;false;NA;45-40-0;3.96378e+03
Im007;5;44-49-0;44;0;88.00000;0.88371;0.23643;2.84404;0.82369;44-49-0;2;2;0-48;false;false;NA;45-49-0;4.25389e+03
Im007;5;45-40-0;45;0;90.00000;0.25278;9.08107e-02;3.26470;0.93940;44-40-0;2;2;0-40;false;false;44-40-0;NA;3.79367e+03
Im007;5;45-49-0;45;0;90.00000;0.83414;0.21122;2.84404;0.81571;44-49-0;2;2;0-48;false;false;44-49-0;NA;4.11756e+03
Im007;5;46-24-0;46;0;92.00000;2.89093;-0.28700;5.59850;0.63495;46-24-0;2;2;0-24;false;false;NA;47-24-0;4.00788e+03
Im007;5;46-49-0;46;0;92.00000;1.46154;0.24778;2.84404;0.88972;46-49-0;1;1;0-48;false;false;NA;NA;4.05644e+03
Im007;5;47-24-0;47;0;94.00000;2.91353;-0.29365;5.59850;0.63538;46-24-0;2;2;0-24;false;false;46-24-0;NA;3.77550e+03
Im007;5;47-36-0;47;0;94.00000;2.79842;-0.25244;3.23485;0.52872;47-36-0;1;1;0-36;false;false;NA;NA;4.05313e+03
Im007;5;47-38-0;47;0;94.00000;2.61186;-0.14466;3.43378;0.74944;47-38-0;1;1;0-38;false;false;NA;NA;3.77500e+03
Im007;5;47-46-0;47;0;94.00000;0.81477;0.11968;4.48273;1.35860;47-46-0;1;1;47-46;false;false;NA;NA;3.78011e+03
Im007;5;47-52-0;47;0;94.00000;0.97573;-0.25128;4.58979;1.00650;47-52-0;1;1;0-51;false;false;NA;NA;4.66644e+03
Im007;5;48-39-0;48;0;96.00000;1.86178;0.48452;2.39680;0.89451;48-39-0;1;1;0-39;false;false;NA;NA;3.76778e+03
Im007;5;48-46-0;48;0;96.00000;0.78555;9.44807e-02;4.48273;1.32326;48-46-0;1;1;48-46;false;false;NA;NA;3.93278e+03
Im007;5;49-0-0;49;0;98.00000;0.36155;0.12828;3.12232;0.75365;49-0-0;1;1;0-0;false;false;NA;NA;4.02578e+03
Im007;5;49-14-0;49;0;98.00000;0.13686;0.15643;1.61175;0.89246;49-14-0;1;1;0-14;false;false;NA;NA;3.52289e+03
Im007;5;49-26-0;49;0;98.00000;3.81165;2.64797e-02;4.55322;1.09386;49-26-0;1;1;0-26;false;false;NA;NA;3.61422e+03
Im007;5;49-32-0;49;0;98.00000;0.40798;-0.57634;4.19854;1.59421;49-32-0;1;1;0-32;false;false;NA;NA;3.73011e+03
Im007;5;49-43-0;49;0;98.00000;0.46639;-0.23531;3.28214;0.80915;49-43-0;1;1;0-43;false;false;NA;NA;3.85122e+03
Im007;5;49-46-0;49;0;98.00000;0.76908;9.65737e-02;4.48273;1.30267;49-46-0;1;1;49-46;false;false;NA;NA;3.68178e+03
Im008;6;1-3-0;1;0;8.01800e+03;3.06244;-0.38591;3.38425;0.77358;1-3-0;1;1;1-3;false;false;NA;NA;4.95233e+03
Im008;6;12-1-0;12;0;24.00000;2.42680;0.22167;4.32659;1.36020;12-1-0;1;1;12-1;false;false;NA;NA;4.39622e+03
Im008;6;15-12-0;15;0;30.00000;5.06044;4.63143e-02;7.94313;2.26853;15-12-0;1;1;15-12;false;false;NA;NA;5.12156e+03
Im008;6;16-19-0;16;0;32.00000;0.43399;6.37188e-02;2.62958;1.20977;16-19-0;1;1;16-19;false;false;NA;NA;4.74811e+03
Im008;6;17-19-0;17;0;34.00000;0.46751;0.16609;2.62958;1.23881;17-19-0;1;1;17-19;false;false;NA;NA;4.64278e+03
Im008;6;19-1-0;19;0;38.00000;2.93096;-1.77338e-03;4.32659;1.32017;19-1-0;1;1;19-1;false;false;NA;NA;4.17489e+03
Im008;6;21-11-0;21;0;42.00000;1.89831;-1.08140e-02;2.42794;1.08596;21-11-0;1;1;21-11;false;false;NA;NA;4.33911e+03
Im008;6;22-8-0;22;0;44.00000;1.63672;0.22736;2.39013;0.71844;22-8-0;1;1;22-8;false;false;NA;NA;3.95511e+03
Im008;6;25-11-0;25;0;50.00000;1.96414;7.21884e-02;2.42794;1.08648;25-11-0;1;1;25-11;false;false;NA;NA;4.25922e+03
Im008;6;26-1-0;26;0;52.00000;3.32335;0.19592;4.32659;1.24729;26-1-0;1;1;26-1;false;false;NA;NA;4.16089e+03
Im008;6;26-11-0;26;0;52.00000;2.11350;-0.24844;2.42794;1.04014;26-11-0;1;1;26-11;false;false;NA;NA;4.18778e+03
Im008;6;27-11-0;27;0;54.00000;1.95531;-5.75840e-02;2.42794;1.08640;27-11-0;1;1;27-11;false;false;NA;NA;4.11911e+03
Im008;6;28-11-0;28;0;56.00000;1.83617;-6.61581e-02;2.42794;1.07271;28-11-0;1;1;28-11;false;false;NA;NA;3.83756e+03
Im008;6;29-11-0;29;0;58.00000;1.81644;-0.11696;2.42794;1.06657;29-11-0;1;1;29-11;false;false;NA;NA;4.02756e+03
Im008;6;30-12-0;30;0;60.00000;7.11103;0.10402;7.94313;1.20919;30-12-0;1;1;30-12;false;false;NA;NA;4.58489e+03
Im008;6;31-11-0;31;0;62.00000;2.07222;-0.16191;2.42794;1.05974;31-11-0;1;1;31-11;false;false;NA;NA;4.22933e+03
Im008;6;31-12-0;31;0;62.00000;6.72508;-1.48429e-02;7.94313;1.39639;31-12-0;1;1;31-12;false;false;NA;NA;4.33511e+03
Im008;6;32-11-0;32;0;64.00000;2.30568;0.24856;2.42794;0.91358;32-11-0;1;1;32-11;false;false;NA;NA;3.94422e+03
Im008;6;32-11-1;32;1;64.00000;2.02419;-0.11128;2.42794;1.07462;32-11-1;1;1;32-11;false;false;NA;NA;3.97267e+03
Im008;6;32-12-0;32;0;64.00000;6.60721;-4.32352e-02;7.94313;1.46801;32-12-0;1;1;32-12;false;false;NA;NA;4.53644e+03
Im008;6;33-11-0;33;0;66.00000;2.36463;0.15843;2.42794;0.81007;33-11-0;1;1;33-11;false;false;NA;NA;4.40875e+03
Im008;6;33-12-0;33;0;66.00000;6.35194;-0.19159;7.94313;1.77255;33-12-0;1;1;33-12;false;false;NA;NA;4.18367e+03
Im008;6;34-10-0;34;0;68.00000;1.99646;0.15625;2.85570;1.19657;34-10-0;1;1;34-10;false;false;NA;NA;4.03411e+03
Im008;6;34-12-0;34;0;68.00000;6.36633;-0.20076;7.94313;1.74792;34-12-0;1;1;34-12;false;false;NA;NA;4.30656e+03
Im008;6;35-12-0;35;0;70.00000;6.33322;-0.57834;7.94313;1.80476;35-12-0;1;1;35-12;false;false;NA;NA;4.62571e+03
Im008;6;36-11-0;36;0;72.00000;2.15647;-0.15718;2.42794;1.01310;36-11-0;1;1;36-11;false;false;NA;NA;4.23722e+03
Im008;6;36-12-0;36;0;72.00000;6.60546;-0.41327;7.94313;1.46924;36-12-0;1;1;36-12;false;false;NA;NA;4.29522e+03
Im008;6;37-11-0;37;0;74.00000;1.84586;3.96296e-02;2.42794;1.07572;37-11-0;1;1;37-11;false;false;NA;NA;4.20200e+03
Im008;6;38-12-0;38;0;76.00000;6.49000;0.30769;7.94313;1.57023;38-12-0;1;1;38-12;false;false;NA;NA;4.31100e+03
Im008;6;39-11-0;39;0;78.00000;2.28439;0.13898;2.42794;0.92793;39-11-0;1;1;39-11;false;false;NA;NA;4.17967e+03
Im008;6;39-12-0;39;0;78.00000;7.02537;0.13398;7.94313;1.24749;39-12-0;1;1;39-12;false;false;NA;NA;4.65178e+03
Im008;6;40-11-0;40;0;80.00000;2.25972;0.11660;2.42794;0.94467;40-11-0;1;1;40-11;false;false;NA;NA;4.11789e+03
Im008;6;41-12-0;41;0;82.00000;6.30271;0.28806;7.94313;1.85765;41-12-0;1;1;41-12;false;false;NA;NA;4.36344e+03
Im008;6;42-11-0;42;0;84.00000;2.02192;7.98806e-02;2.42794;1.07532;42-11-0;1;1;42-11;false;false;NA;NA;4.12833e+03
Im008;6;42-12-0;42;0;84.00000;5.21757;0.80520;7.94313;2.56853;42-12-0;1;1;42-12;false;false;NA;NA;4.37189e+03
Im008;6;43-11-0;43;0;86.00000;2.03581;0.16016;2.42794;1.07102;43-11-0;1;1;43-11;false;false;NA;NA;3.82333e+03
Im008;6;43-12-0;43;0;86.00000;4.68135;0.24464;7.94313;1.91377;43-12-0;1;1;43-12;false;false;NA;NA;4.11778e+03
Im008;6;44-11-0;44;0;88.00000;2.01926;0.15720;2.42794;1.07614;44-11-0;1;1;44-11;false;false;NA;NA;4.09344e+03
Im008;6;44-12-0;44;0;88.00000;7.64540;8.73570e-02;7.94313;0.93122;44-12-0;1;1;44-12;false;false;NA;NA;4.38511e+03
Im008;6;45-12-0;45;0;90.00000;4.10871;-0.51574;7.94313;2.28546;45-12-0;1;1;45-12;false;false;NA;NA;4.09544e+03
Im008;6;48-12-0;48;0;96.00000;4.91827;-0.73988;7.94313;2.06309;48-12-0;1;1;48-12;false;false;NA;NA;4.21429e+03
Im008;6;48-15-0;48;0;96.00000;2.68196;-0.24330;4.00360;1.04693;48-15-0;2;2;0-4;false;false;NA;49-15-0;3.81600e+03
Im008;6;49-15-0;49;0;98.00000;2.70702;-0.24454;4.00360;1.04621;48-15-0;2;2;0-4;false;false;48-15-0;NA;3.57222e+03
Im009;7;1-5-0;1;0;8.42600e+03;0.91644;3.81230e-02;1.97376;0.99623;1-5-0;1;1;0-3;false;false;NA;NA;4.67144e+03
Im009;7;4-2-0;4;0;8.00000;3.31892;-9.34300e-02;3.55286;0.74248;4-2-0;1;1;0-1;false;false;NA;NA;4.30711e+03
Im009;7;6-23-0;6;0;12.00000;0.19919;0.37945;3.86128;0.78396;6-23-0;7;7;0-21;false;false;NA;7-23-0;4.09786e+03
Im009;7;7-23-0;7;0;14.00000;0.21135;0.33999;3.86128;0.79222;6-23-0;7;7;0-21;false;false;6-23-0;8-23-0;4.23786e+03
Im009;7;8-23-0;8;0;16.00000;0.24958;0.30833;3.86128;0.81713;6-23-0;7;7;0-21;false;false;7-23-0;9-23-0;3.98933e+03
Im009;7;9-23-0;9;0;18.00000;0.23368;0.40307;3.86128;0.80739;6-23-0;7;7;0-21;false;false;8-23-0;10-23-0;3.85157e+03
Im009;7;10-23-0;10;0;20.00000;0.22636;0.40509;3.86128;0.80242;6-23-0;7;7;0-21;false;false;9-23-0;11-23-0;4.08057e+03
Im009;7;11-23-0;11;0;22.00000;0.24454;0.40894;3.86128;0.81412;6-23-0;7;7;0-21;false;false;10-23-0;12-23-0;4.26443e+03
Im009;7;12-23-0;12;0;24.00000;0.29220;0.37986;3.86128;0.84265;6-23-0;7;7;0-21;false;false;11-23-0;NA;4.23043e+03
Im009;7;24-8-0;24;0;48.00000;3.06251;0.47906;3.73860;1.06956;24-8-0;1;1;0-6;false;false;NA;NA;4.17100e+03
Im009;7;27-8-0;27;0;54.00000;3.12098;0.46450;3.73860;1.05502;27-8-0;2;2;0-6;false;false;NA;28-8-0;3.88867e+03
Im009;7;28-8-0;28;0;56.00000;3.11806;0.46035;3.73860;1.05575;27-8-0;2;2;0-6;false;false;27-8-0;NA;4.16067e+03
Im009;7;32-8-0;32;0;64.00000;3.25386;0.48976;3.73860;1.00480;32-8-0;6;6;0-6;false;false;NA;33-8-0;3.98813e+03
Im009;7;33-8-0;33;0;66.00000;3.22451;0.49015;3.73860;1.01735;32-8-0;6;6;0-6;false;false;32-8-0;34-8-0;4.05011e+03
Im009;7;33-30-0;33;0;66.00000;2.22552;-0.25592;2.49909;0.65296;33-30-0;3;3;0-28;false;false;NA;34-30-0;4.02325e+03
Im009;7;34-6-0;34;0;68.00000;1.89175;-0.21070;2.06096;0.60988;34-6-0;1;1;0-4;false;false;NA;NA;3.36878e+03
Im009;7;34-8-0;34;0;68.00000;3.28702;0.45460;3.73860;0.97823;32-8-0;6;6;0-6;false;false;33-8-0;35-8-0;3.99450e+03
Im009;7;34-30-0;34;0;68.00000;2.21461;-0.26042;2.49909;0.65907;33-30-0;3;3;0-28;false;false;33-30-0;35-30-0;4.12525e+03
Im009;7;35-8-0;35;0;70.00000;3.26072;0.47878;3.73860;0.99930;32-8-0;6;6;0-6;false;false;34-8-0;36-8-0;4.01975e+03
Im009;7;35-25-0;35;0;70.00000;2.28733;9.61600e-03;3.05790;0.89840;35-25-0;1;1;0-23;false;false;NA;NA;3.79489e+03
Im009;7;35-30-0;35;0;70.00000;2.21849;-0.25566;2.49909;0.65689;33-30-0;3;3;0-28;false;false;34-30-0;NA;4.09700e+03
Im009;7;36-8-0;36;0;72.00000;3.30646;0.47167;3.73860;0.96270;32-8-0;6;6;0-6;false;false;35-8-0;37-8-0;3.94488e+03
Im009;7;37-8-0;37;0;74.00000;3.33697;0.46546;3.73860;0.93842;32-8-0;6;6;0-6;false;false;36-8-0;NA;4.02525e+03
Im009;7;37-22-0;37;0;74.00000;1.68744;0.11899;2.55657;0.89401;37-22-0;4;4;0-20;false;false;NA;38-22-0;4.35844e+03
Im009;7;37-30-0;37;0;74.00000;1.63232;-0.28861;2.49909;0.84861;37-30-0;1;1;0-28;false;false;NA;NA;4.29622e+03
Im009;7;38-1-0;38;0;76.00000;2.82621;-0.17893;3.55286;0.97223;38-1-0;1;1;0-1;false;false;NA;NA;3.69089e+03
Im009;7;38-22-0;38;0;76.00000;1.72413;9.04517e-02;2.55657;0.88084;37-22-0;4;4;0-20;false;false;37-22-0;39-22-0;4.67144e+03
Im009;7;39-8-0;39;0;78.00000;3.43477;0.42162;3.73860;0.86786;39-8-0;4;4;0-6;false;false;NA;40-8-0;4.17944e+03
Im009;7;39-18-0;39;0;78.00000;1.35577;0.22273;2.48826;0.92500;39-18-0;2;2;0-16;false;false;NA;40-18-0;4.37900e+03
Im009;7;39-22-0;39;0;78.00000;1.72308;9.73141e-02;2.55657;0.88122;37-22-0;4;4;0-20;false;false;38-22-0;40-22-0;4.40400e+03
Im009;7;40-8-0;40;0;80.00000;3.38988;0.45137;3.73860;0.89917;39-8-0;4;4;0-6;false;false;39-8-0;41-8-0;4.16400e+03
Im009;7;40-18-0;40;0;80.00000;1.31214;0.15286;2.48826;0.91896;39-18-0;2;2;0-16;false;false;39-18-0;NA;4.51167e+03
Im009;7;40-22-0;40;0;80.00000;1.68145;0.10328;2.55657;0.89616;37-22-0;4;4;0-20;false;false;39-22-0;NA;4.42322e+03
Im009;7;40-30-0;40;0;80.00000;2.20086;-0.29890;2.49909;0.66680;40-30-0;3;3;0-28;false;false;NA;41-30-0;4.05050e+03
Im009;7;41-8-0;41;0;82.00000;3.49205;0.35118;3.73860;0.80325;39-8-0;4;4;0-6;false;false;40-8-0;42-8-0;3.87233e+03
Im009;7;41-30-0;41;0;82.00000;2.20364;-0.28810;2.49909;0.66523;40-30-0;3;3;0-28;false;false;40-30-0;42-30-0;4.04525e+03
Im009;7;42-8-0;42;0;84.00000;3.49205;0.35118;3.73860;0.80325;39-8-0;4;4;0-6;false;false;41-8-0;NA;3.90444e+03
Im009;7;42-30-0;42;0;84.00000;2.19844;-0.29681;2.49909;0.66817;40-30-0;3;3;0-28;false;false;41-30-0;NA;4.05175e+03
Im009;7;44-30-0;44;0;88.00000;2.18722;-0.24521;2.49909;0.67454;44-30-0;2;2;0-28;false;false;NA;45-30-0;4.05463e+03
Im009;7;45-23-0;45;0;90.00000;0.29233;0.36607;3.86128;0.84273;45-23-0;1;1;0-21;false;false;NA;NA;3.88671e+03
Im009;7;45-30-0;45;0;90.00000;2.19470;-0.26868;2.49909;0.67029;44-30-0;2;2;0-28;false;false;44-30-0;NA;3.74163e+03
Im009;7;46-8-0;46;0;92.00000;3.49205;0.35118;3.73860;0.80325;46-8-0;1;1;0-6;false;false;NA;NA;4.04200e+03
Im009;7;48-8-0;48;0;96.00000;3.62648;0.24961;3.73860;0.59965;48-8-0;1;1;0-6;false;false;NA;NA;3.88738e+03
Im009;7;49-25-0;49;0;98.00000;2.62371;-8.59196e-02;3.05790;0.78988;49-25-0;1;1;0-23;false;false;NA;NA;3.39544e+03
Im009;7;49-29-0;49;0;98.00000;0.66113;9.96597e-03;3.44950;0.86868;49-29-0;1;1;0-27;false;false;NA;NA;3.27389e+03
Im010;8;1-1-0;1;0;8.09200e+03;0.52163;-0.17707;3.41265;1.14577;1-1-0;1;1;0-1;false;false;NA;NA;4.72233e+03
Im010;8;4-1-0;4;0;8.00000;0.44739;-0.32517;3.41265;1.06962;4-1-0;1;1;0-1;false;false;NA;NA;4.47344e+03
Im010;8;8-1-0;8;0;16.00000;0.33346;-0.30206;3.41265;0.90474;8-1-0;1;1;0-1;false;false;NA;NA;4.30514e+03
Im010;8;11-1-0;11;0;22.00000;1.09932;-0.27656;3.41265;1.54469;11-1-0;1;1;0-1;false;false;NA;NA;4.53922e+03
Im010;8;13-1-0;13;0;26.00000;1.43439;-0.24256;3.41265;1.50227;13-1-0;1;1;0-1;false;false;NA;NA;4.48856e+03
Im010;8;13-5-0;13;0;26.00000;1.35945;0.50021;4.31818;1.03348;13-5-0;2;2;0-4;false;false;NA;14-5-0;4.05613e+03
Im010;8;14-5-0;14;0;28.00000;1.38389;0.50519;4.31818;1.03197;13-5-0;2;2;0-4;false;false;13-5-0;NA;3.77113e+03
Im010;8;19-1-0;19;0;38.00000;0.54426;-0.33031;3.41265;1.17546;19-1-0;1;1;0-1;false;false;NA;NA;4.07389e+03
Im010;8;24-1-0;24;0;48.00000;1.82432;-0.25698;3.41265;1.48194;24-1-0;1;1;0-1;false;false;NA;NA;4.22144e+03
Im010;8;26-1-0;26;0;52.00000;0.33716;-0.34208;3.41265;0.91232;26-1-0;1;1;0-1;false;false;NA;NA;4.18271e+03
Im010;8;28-1-0;28;0;56.00000;2.68137;0.60968;3.41265;1.40759;28-1-0;3;3;0-1;false;false;NA;29-1-0;4.43778e+03
Im010;8;28-7-0;28;0;56.00000;2.93246;0.22650;3.10896;0.78887;28-7-0;1;1;0-6;false;false;NA;NA;3.47389e+03
Im010;8;29-1-0;29;0;58.00000;2.80334;0.65729;3.41265;1.35699;28-1-0;3;3;0-1;false;false;28-1-0;30-1-0;4.47456e+03
Im010;8;30-1-0;30;0;60.00000;2.79571;0.65421;3.41265;1.35944;28-1-0;3;3;0-1;false;false;29-1-0;NA;4.02156e+03
Im010;8;32-1-0;32;0;64.00000;0.69822;-1.61521e-03;3.41265;1.38200;32-1-0;3;3;0-1;false;false;NA;33-1-0;4.41244e+03
Im010;8;33-1-0;33;0;66.00000;0.68702;-0.10753;3.41265;1.36668;32-1-0;3;3;0-1;false;false;32-1-0;34-1-0;4.55767e+03
Im010;8;33-8-0;33;0;66.00000;2.38255;-0.32976;5.22620;1.09942;33-8-0;1;1;0-7;false;false;NA;NA;3.79044e+03
Im010;8;34-1-0;34;0;68.00000;0.64713;-0.13526;3.41265;1.31234;32-1-0;3;3;0-1;false;false;33-1-0;NA;4.41733e+03
Im010;8;36-1-0;36;0;72.00000;0.55143;-0.29835;3.41265;1.18486;36-1-0;2;2;0-1;false;false;NA;37-1-0;4.27822e+03
Im010;8;37-1-0;37;0;74.00000;0.54794;-0.32149;3.41265;1.18028;36-1-0;2;2;0-1;false;false;36-1-0;NA;3.91100e+03
Im010;8;40-1-0;40;0;80.00000;0.57702;-0.15027;3.41265;1.21843;40-1-0;4;4;0-1;false;false;NA;41-1-0;4.32478e+03
Im010;8;42-1-0;42;0;84.00000;0.63790;-0.15722;3.41265;1.29980;40-1-0;4;4;0-1;false;false;41-1-0;43-1-0;3.87311e+03
Im010;8;43-1-0;43;0;86.00000;0.61590;-0.16209;3.41265;1.26997;40-1-0;4;4;0-1;false;false;42-1-0;NA;4.00567e+03
Im011;9;2-4-0;2;0;4.00000;2.54183;-0.24853;3.33912;1.34646;2-4-0;3;3;0-4;false;false;NA;3-4-0;4.56367e+03
Im011;9;3-4-0;3;0;6.00000;2.47070;-0.28262;3.33912;1.33091;2-4-0;3;3;0-4;false;false;2-4-0;4-4-0;4.12544e+03
Im011;9;4-4-0;4;0;8.00000;2.44425;-0.26210;3.33912;1.32300;2-4-0;3;3;0-4;false;false;3-4-0;NA;4.18389e+03
Im011;9;5-11-0;5;0;10.00000;0.96488;0.39197;3.10540;0.91233;5-11-0;1;1;0-10;false;false;NA;NA;3.51675e+03
Im011;9;8-6-0;8;0;16.00000;1.47352;-0.11012;2.39192;1.01743;8-6-0;1;1;0-6;false;false;NA;NA;3.67433e+03
Im011;9;11-4-0;11;0;22.00000;2.51677;-0.23197;3.33912;1.34238;11-4-0;2;2;0-4;false;false;NA;12-4-0;4.15267e+03
Im011;9;12-4-0;12;0;24.00000;2.53222;-0.22633;3.33912;1.34490;11-4-0;2;2;0-4;false;false;11-4-0;NA;4.35733e+03
Im011;9;12-6-0;12;0;24.00000;0.61924;3.39708e-02;2.39192;0.96764;12-6-0;1;1;0-6;false;false;NA;NA;3.47722e+03
Im011;9;16-4-0;16;0;32.00000;2.42749;-0.15085;3.33912;1.31824;16-4-0;1;1;0-4;false;false;NA;NA;4.41011e+03
Im011;9;17-5-0;17;0;34.00000;0.80209;-0.20084;3.19635;0.79582;17-5-0;2;2;0-5;false;false;NA;18-5-0;4.55933e+03
Im011;9;18-5-0;18;0;36.00000;0.92647;-0.19607;3.19635;0.82342;17-5-0;2;2;0-5;false;false;17-5-0;NA;4.55389e+03
Im011;9;19-4-0;19;0;38.00000;2.46198;-0.21520;3.33912;1.32825;19-4-0;4;4;0-4;false;false;NA;20-4-0;4.05678e+03
Im011;9;20-4-0;20;0;40.00000;2.45751;-0.23388;3.33912;1.32690;19-4-0;4;4;0-4;false;false;19-4-0;21-4-0;3.88311e+03
Im011;9;21-4-0;21;0;42.00000;2.46219;-0.28111;3.33912;1.32831;19-4-0;4;4;0-4;false;false;20-4-0;22-4-0;4.04100e+03
Im011;9;22-4-0;22;0;44.00000;2.43285;-0.26135;3.33912;1.31974;19-4-0;4;4;0-4;false;false;21-4-0;NA;4.17833e+03
Im011;9;23-6-0;23;0;46.00000;0.40822;-0.18359;2.39192;0.88394;23-6-0;2;2;0-6;false;false;NA;24-6-0;3.63622e+03
Im011;9;24-6-0;24;0;48.00000;0.35796;-0.17691;2.39192;0.84895;23-6-0;2;2;0-6;false;false;23-6-0;NA;3.71722e+03
Im011;9;26-4-0;26;0;52.00000;3.04781;0.45122;3.33912;1.23893;26-4-0;1;1;0-4;false;false;NA;NA;3.68700e+03
Im011;9;26-6-0;26;0;52.00000;0.44678;-0.21024;2.39192;0.90257;26-6-0;4;4;0-6;false;false;NA;27-6-0;3.53222e+03
Im011;9;27-6-0;27;0;54.00000;0.48705;-0.18747;2.39192;0.92205;26-6-0;4;4;0-6;false;false;26-6-0;28-6-0;3.62933e+03
Im011;9;28-6-0;28;0;56.00000;0.47137;-0.19255;2.39192;0.91447;26-6-0;4;4;0-6;false;false;27-6-0;29-6-0;3.63278e+03
Im011;9;29-6-0;29;0;58.00000;0.44646;-0.20662;2.39192;0.90242;26-6-0;4;4;0-6;false;false;28-6-0;NA;3.56011e+03
Im011;9;31-6-0;31;0;62.00000;1.57149;-0.26163;2.39192;1.01681;31-6-0;1;1;0-6;false;false;NA;NA;3.62989e+03
Im011;9;34-4-0;34;0;68.00000;2.39759;-1.97976e-02;3.33912;1.31023;34-4-0;1;1;0-4;false;false;NA;NA;3.69244e+03
Im011;9;49-8-0;49;0;98.00000;5.95069;-0.62506;6.27830;2.90043;49-8-0;1;1;49-8;false;false;NA;NA;3.46900e+03
Im011;9;49-8-1;49;1;98.00000;5.72935;0.72551;6.27830;2.98989;49-8-1;1;1;49-8;false;false;NA;NA;3.57033e+03
Im012;10;13-7-0;13;0;26.00000;1.96718;3.53764e-02;2.48115;1.00182;13-7-0;1;1;0-7;false;false;NA;NA;3.54467e+03
Im012;10;32-0-0;32;0;64.00000;1.92597;-4.69694e-02;4.74179;0.87578;32-0-0;2;2;0-0;false;false;NA;33-0-0;3.60789e+03
Im012;10;33-0-0;33;0;66.00000;1.95093;1.37445e-02;4.74179;0.87231;32-0-0;2;2;0-0;false;false;32-0-0;NA;3.59233e+03
Im012;10;34-5-0;34;0;68.00000;0.47271;-0.32716;2.47017;0.88867;34-5-0;1;1;0-5;false;false;NA;NA;3.43911e+03
Im012;10;36-0-0;36;0;72.00000;1.74929;-3.53110e-02;4.74179;0.89598;36-0-0;1;1;0-0;false;false;NA;NA;3.56844e+03
Im012;10;40-0-0;40;0;80.00000;4.32156;-0.17776;4.74179;0.74370;40-0-0;1;1;0-0;false;false;NA;NA;3.43500e+03
Im012;10;43-0-0;43;0;86.00000;3.73848;-0.13617;4.74179;0.84893;43-0-0;2;2;0-0;false;false;NA;44-0-0;3.50322e+03
Im012;10;44-0-0;44;0;88.00000;3.69358;-0.13098;4.74179;0.85094;43-0-0;2;2;0-0;false;false;43-0-0;NA;3.58733e+03
Im012;10;44-0-1;44;1;88.00000;4.24912;-5.22905e-02;4.74179;0.76644;44-0-1;2;2;0-0;false;false;NA;45-0-0;3.53944e+03
Im012;10;45-0-0;45;0;90.00000;4.23397;-1.51172e-02;4.74179;0.77131;44-0-1;2;2;0-0;false;false;44-0-1;NA;3.51367e+03
Im014;12;10-3-0;10;0;20.00000;-0.18262;0.22273;2.03615;0.58136;10-3-0;1;1;0-2;false;false;NA;NA;3.51678e+03
Im014;12;11-3-0;11;0;22.00000;0.32177;-0.60436;2.03615;1.28799;11-3-0;1;1;0-2;false;false;NA;NA;3.22155e+03
Im014;12;13-3-0;13;0;26.00000;0.43837;-0.63775;2.03615;1.36518;13-3-0;1;1;0-2;false;false;NA;NA;3.23633e+03
Im014;12;41-3-0;41;0;82.00000;0.32177;-0.60436;2.03615;1.28799;41-3-0;1;1;0-2;false;false;NA;NA;3.06489e+03
Im014;12;48-1-0;48;0;96.00000;4.48301;-0.13912;4.80136;0.52671;48-1-0;1;1;48-1;false;false;NA;NA;3.64733e+03